ip,chains,events,country,asn,first_seen,last_seen
94.154.35.215,644,37360,Netherlands,Omegatech LTD,N/A,N/A
77.83.39.243,526,35702,Ukraine,Kprohost LLC,N/A,N/A
179.43.133.154,506,59411,Switzerland,Private Layer INC,N/A,N/A
213.209.159.159,488,5144,Taiwan,Feo Prest SRL,N/A,N/A
2.57.121.25,477,4325,Romania,Unmanaged Ltd,N/A,N/A
2.57.121.112,402,3677,Romania,Unmanaged Ltd,N/A,N/A
77.83.39.156,335,1340,Ukraine,Kprohost LLC,N/A,N/A
45.144.212.237,299,6936,Ukraine,Kprohost LLC,N/A,N/A
45.144.212.169,287,1587,Ukraine,Kprohost LLC,N/A,N/A
91.92.241.148,286,9300,Netherlands,Omegatech LTD,N/A,N/A
185.217.0.130,281,4281,Sweden,w1n ltd,N/A,N/A
185.93.89.64,274,9129,Iran,Limited Network LTD,N/A,N/A
158.94.210.203,242,4622,Netherlands,Omegatech LTD,N/A,N/A
77.90.185.17,237,2011,Iran,Limited Network LTD,N/A,N/A
185.246.128.133,234,7148,Sweden,w1n ltd,N/A,N/A
77.83.39.74,221,7053,Ukraine,Kprohost LLC,N/A,N/A
91.92.242.215,218,1518,Netherlands,Omegatech LTD,N/A,N/A
31.170.22.206,186,16737,Latvia,Sia Nano IT,N/A,N/A
178.16.54.226,173,1922,The Netherlands,Omegatech LTD,N/A,N/A
45.148.10.121,172,2446,Netherlands,Techoff Srv Limited,N/A,N/A
158.94.210.190,159,972,The Netherlands,Omegatech LTD,N/A,N/A
178.16.54.139,122,1386,The Netherlands,Omegatech LTD,N/A,N/A
130.12.180.19,121,1361,United States,Omegatech LTD,N/A,N/A
130.12.180.37,121,1381,United States,Omegatech LTD,N/A,N/A
130.12.180.55,121,1377,United States,Omegatech LTD,N/A,N/A
178.16.54.172,120,1392,The Netherlands,Omegatech LTD,N/A,N/A
178.16.54.89,120,1388,The Netherlands,Omegatech LTD,N/A,N/A
130.12.180.72,119,1381,United States,Omegatech LTD,N/A,N/A
178.16.54.123,119,1390,The Netherlands,Omegatech LTD,N/A,N/A
178.16.54.124,119,1385,The Netherlands,Omegatech LTD,N/A,N/A
178.16.54.134,119,1386,The Netherlands,Omegatech LTD,N/A,N/A
178.16.54.170,119,1383,The Netherlands,Omegatech LTD,N/A,N/A
178.16.54.181,119,1387,The Netherlands,Omegatech LTD,N/A,N/A
178.16.54.35,119,1388,The Netherlands,Omegatech LTD,N/A,N/A
178.16.54.42,119,1389,The Netherlands,Omegatech LTD,N/A,N/A
130.12.180.44,118,1376,United States,Omegatech LTD,N/A,N/A
130.12.180.66,118,1372,United States,Omegatech LTD,N/A,N/A
130.12.180.71,118,1374,United States,Omegatech LTD,N/A,N/A
130.12.180.80,118,1379,United States,Omegatech LTD,N/A,N/A
178.16.54.111,118,1386,The Netherlands,Omegatech LTD,N/A,N/A
178.16.54.193,118,1388,The Netherlands,Omegatech LTD,N/A,N/A
178.16.54.194,118,1392,The Netherlands,Omegatech LTD,N/A,N/A
178.16.54.228,118,1385,The Netherlands,Omegatech LTD,N/A,N/A
178.16.54.230,118,1385,The Netherlands,Omegatech LTD,N/A,N/A
178.16.54.231,118,1384,The Netherlands,Omegatech LTD,N/A,N/A
178.16.54.247,118,1381,The Netherlands,Omegatech LTD,N/A,N/A
91.92.243.24,118,1386,United States,Omegatech LTD,N/A,N/A
91.92.243.27,118,1380,United States,Omegatech LTD,N/A,N/A
130.12.180.39,117,1379,United States,Omegatech LTD,N/A,N/A
130.12.180.53,117,1377,United States,Omegatech LTD,N/A,N/A
130.12.180.57,117,1376,United States,Omegatech LTD,N/A,N/A
130.12.180.77,117,1371,United States,Omegatech LTD,N/A,N/A
130.12.180.109,116,1368,United States,Omegatech LTD,N/A,N/A
130.12.180.70,116,1376,United States,Omegatech LTD,N/A,N/A
130.12.180.92,116,1354,United States,Omegatech LTD,N/A,N/A
91.92.243.154,116,1374,United States,Omegatech LTD,N/A,N/A
130.12.180.74,115,1376,United States,Omegatech LTD,N/A,N/A
91.92.243.52,115,1380,United States,Omegatech LTD,N/A,N/A
130.12.180.101,114,1374,United States,Omegatech LTD,N/A,N/A
130.12.180.115,113,1368,United States,Omegatech LTD,N/A,N/A
130.12.180.116,113,1374,United States,Omegatech LTD,N/A,N/A
130.12.180.123,113,1372,United States,Omegatech LTD,N/A,N/A
130.12.180.75,113,1382,United States,Omegatech LTD,N/A,N/A
130.12.180.82,113,1377,United States,Omegatech LTD,N/A,N/A
130.12.180.86,113,1368,United States,Omegatech LTD,N/A,N/A
130.12.180.89,113,1379,United States,Omegatech LTD,N/A,N/A
130.12.180.117,112,1372,United States,Omegatech LTD,N/A,N/A
91.92.243.197,107,1269,United States,Omegatech LTD,N/A,N/A
45.14.224.134,102,515,Netherlands,SpectraIP B.V.,N/A,N/A
185.156.73.233,97,1439,Ukraine,FOP Dmytro Nedilskyi,N/A,N/A
130.12.180.49,96,1060,United States,Omegatech LTD,N/A,N/A
77.90.185.65,90,603,Germany,Inside Network LTD,N/A,N/A
130.12.180.188,88,1049,United States,Omegatech LTD,N/A,N/A
185.208.158.110,85,612,United States,Global-Data System IT Corporation,N/A,N/A
77.83.39.71,82,807,Ukraine,Kprohost LLC,N/A,N/A
45.87.249.155,81,1724,Seychelles,Shereverov Marat Ahmedovich,N/A,N/A
106.53.55.91,79,384,China,Shenzhen Tencent Computer Systems Company Limited,N/A,N/A
158.94.211.35,79,492,United States,Omegatech LTD,N/A,N/A
77.83.39.164,79,1434,Ukraine,Kprohost LLC,N/A,N/A
80.94.95.216,75,392,Romania,SS-Net,N/A,N/A
130.12.180.108,73,697,United States,Omegatech LTD,N/A,N/A
46.19.137.194,71,323,Switzerland,Private Layer INC,N/A,N/A
178.16.54.141,66,798,The Netherlands,Omegatech LTD,N/A,N/A
80.94.95.118,64,467,Romania,SS-Net,N/A,N/A
77.83.39.212,61,5198,Ukraine,Kprohost LLC,N/A,N/A
185.246.130.20,56,439,Sweden,w1n ltd,N/A,N/A
72.241.84.72,43,10319,United States,Buckeye Cablevision; Inc.,N/A,N/A
46.151.182.167,41,41,Netherlands,Ghosty Networks LLC,N/A,N/A
45.87.249.170,39,411,Seychelles,Shereverov Marat Ahmedovich,N/A,N/A
77.83.39.180,35,2388,Ukraine,Kprohost LLC,N/A,N/A
192.109.200.204,33,200,Sweden,Pfcloud UG (haftungsbeschrankt),N/A,N/A
87.121.84.67,31,48,United States,Vpsvault.host Ltd,N/A,N/A
193.46.255.86,27,204,Romania,Unmanaged Ltd,N/A,N/A
80.94.95.116,27,196,Romania,SS-Net,N/A,N/A
85.11.167.104,27,68,Bulgaria,ColocaTel Inc.,N/A,N/A
158.94.211.170,26,284,United States,Omegatech LTD,N/A,N/A
64.64.112.27,20,190,Bangladesh,GSL Networks Pty LTD,N/A,N/A
80.94.95.115,20,125,Romania,SS-Net,N/A,N/A
207.174.1.152,18,11723,United States,Dynu Systems Incorporated,N/A,N/A
123.138.18.10,17,36,China,CHINA UNICOM China169 Backbone,N/A,N/A
46.151.182.164,17,17,Netherlands,Ghosty Networks LLC,N/A,N/A
188.215.235.39,16,149,Cambodia,M247 Europe SRL,N/A,N/A
46.151.182.160,15,15,Netherlands,Ghosty Networks LLC,N/A,N/A
85.11.167.12,15,34,Bulgaria,ColocaTel Inc.,N/A,N/A
185.217.1.246,14,84,Sweden,w1n ltd,N/A,N/A
46.151.182.161,14,14,Netherlands,Ghosty Networks LLC,N/A,N/A
46.151.182.157,13,13,Netherlands,Ghosty Networks LLC,N/A,N/A
64.89.163.133,13,39,United Kingdom,Netiface America; Inc.,N/A,N/A
64.89.163.134,13,39,United Kingdom,Netiface America; Inc.,N/A,N/A
64.89.163.81,11,33,United Kingdom,Netiface America; Inc.,N/A,N/A
176.65.139.46,10,42,Germany,Pfcloud UG (haftungsbeschrankt),N/A,N/A
46.151.182.162,10,10,Netherlands,Ghosty Networks LLC,N/A,N/A
64.89.163.137,10,30,United Kingdom,Netiface America; Inc.,N/A,N/A
113.77.137.251,9,402,China,Chinanet,N/A,N/A
140.235.19.89,9,7814,United States,Dynu Systems Incorporated,N/A,N/A
197.156.127.57,9,1955,Ethiopia,Ethiopian Telecommunication Corporation,N/A,N/A
207.174.0.19,9,22979,United States,Dynu Systems Incorporated,N/A,N/A
37.19.210.12,9,110,United States,Datacamp Limited,N/A,N/A
37.19.210.5,9,103,United States,Datacamp Limited,N/A,N/A
46.151.182.158,9,9,Netherlands,Ghosty Networks LLC,N/A,N/A
46.151.182.159,9,9,Netherlands,Ghosty Networks LLC,N/A,N/A
46.151.182.163,9,9,Netherlands,Ghosty Networks LLC,N/A,N/A
46.151.182.189,9,27,Netherlands,Ghosty Networks LLC,N/A,N/A
64.89.163.82,9,27,United Kingdom,Netiface America; Inc.,N/A,N/A
1.217.119.94,8,45,South Korea,LG DACOM Corporation,N/A,N/A
118.189.170.20,8,43,Singapore,M1 NET LTD,N/A,N/A
150.241.230.75,8,80,United States,Freakhosting Ltd,N/A,N/A
179.43.139.58,8,108,Switzerland,Private Layer INC,N/A,N/A
185.231.33.22,8,66959,Seychelles,Datashield; Inc.,N/A,N/A
46.151.182.190,8,24,Netherlands,Ghosty Networks LLC,N/A,N/A
59.125.213.218,8,45,Taiwan,Data Communication Business Group,N/A,N/A
106.240.154.253,7,42,South Korea,LG DACOM Corporation,N/A,N/A
112.216.80.98,7,48,South Korea,LG DACOM Corporation,N/A,N/A
112.217.111.18,7,44,South Korea,LG DACOM Corporation,N/A,N/A
169.211.232.182,7,50,South Korea,Korea Telecom,N/A,N/A
185.93.89.18,7,59,Iran,Limited Network LTD,N/A,N/A
211.212.237.22,7,50,South Korea,SK Broadband Co Ltd,N/A,N/A
218.149.235.152,7,48,South Korea,Korea Telecom,N/A,N/A
218.161.121.29,7,49,Taiwan,Data Communication Business Group,N/A,N/A
59.15.17.130,7,47,South Korea,Korea Telecom,N/A,N/A
59.23.3.146,7,48,South Korea,Korea Telecom,N/A,N/A
94.102.49.155,7,67,Netherlands,IP Volume inc,N/A,N/A
110.164.183.126,6,34,Thailand,Triple T Broadband Public Company Limited,N/A,N/A
14.41.1.72,6,41,South Korea,Korea Telecom,N/A,N/A
175.214.22.90,6,36,South Korea,Korea Telecom,N/A,N/A
188.214.125.77,6,70,Philippines,M247 Europe SRL,N/A,N/A
45.153.34.213,6,642,The Netherlands,Pfcloud UG (haftungsbeschrankt),N/A,N/A
46.105.124.124,6,50,France,OVH SAS,N/A,N/A
46.151.182.188,6,18,Netherlands,Ghosty Networks LLC,N/A,N/A
46.151.182.191,6,18,Netherlands,Ghosty Networks LLC,N/A,N/A
60.251.191.212,6,24,Taiwan,Data Communication Business Group,N/A,N/A
64.89.160.82,6,42,United Kingdom,Ghosty Networks LLC,N/A,N/A
64.89.163.164,6,6,United Kingdom,Netiface America; Inc.,N/A,N/A
64.89.163.83,6,18,United Kingdom,Netiface America; Inc.,N/A,N/A
64.89.163.89,6,6,United Kingdom,Netiface America; Inc.,N/A,N/A
84.17.56.48,6,70,Hong Kong,Datacamp Limited,N/A,N/A
103.171.12.170,5,13,India,INFONET COMM ENTERPRISES,N/A,N/A
103.215.201.34,5,430,India,A2j Data Services Pvt. Ltd.,N/A,N/A
158.173.154.18,5,80,Germany,Datacamp Limited,N/A,N/A
185.93.89.16,5,5,Iran,Limited Network LTD,N/A,N/A
45.135.194.21,5,20,Germany,Pfcloud UG (haftungsbeschrankt),N/A,N/A
46.151.182.182,5,5,Netherlands,Ghosty Networks LLC,N/A,N/A
64.89.163.139,5,5,United Kingdom,Netiface America; Inc.,N/A,N/A
64.89.163.141,5,5,United Kingdom,Netiface America; Inc.,N/A,N/A
64.89.163.159,5,5,United Kingdom,Netiface America; Inc.,N/A,N/A
64.89.163.176,5,5,United Kingdom,Netiface America; Inc.,N/A,N/A
64.89.163.178,5,5,United Kingdom,Netiface America; Inc.,N/A,N/A
64.89.163.90,5,5,United Kingdom,Netiface America; Inc.,N/A,N/A
85.239.146.54,5,6,Sweden,Contrust Solutions S.R.L.,N/A,N/A
130.12.182.185,4,267,United States,Netiface LLC,N/A,N/A
154.61.72.241,4,80,India,MYBHARAT NET PRIVATE LIMITED,N/A,N/A
160.30.159.104,4,20,Vietnam,PHB Digital Technology Solutions Company Limited,N/A,N/A
23.97.62.151,4,35,Singapore,Microsoft Corporation,N/A,N/A
46.151.182.166,4,4,Netherlands,Ghosty Networks LLC,N/A,N/A
46.151.182.180,4,4,Netherlands,Ghosty Networks LLC,N/A,N/A
46.151.182.186,4,4,Netherlands,Ghosty Networks LLC,N/A,N/A
47.94.97.170,4,16,China,Hangzhou Alibaba Advertising Co.;Ltd.,N/A,N/A
64.89.163.143,4,4,United Kingdom,Netiface America; Inc.,N/A,N/A
64.89.163.144,4,4,United Kingdom,Netiface America; Inc.,N/A,N/A
64.89.163.145,4,4,United Kingdom,Netiface America; Inc.,N/A,N/A
64.89.163.158,4,4,United Kingdom,Netiface America; Inc.,N/A,N/A
64.89.163.167,4,4,United Kingdom,Netiface America; Inc.,N/A,N/A
64.89.163.79,4,4,United Kingdom,Netiface America; Inc.,N/A,N/A
64.89.163.80,4,4,United Kingdom,Netiface America; Inc.,N/A,N/A
64.89.163.94,4,4,United Kingdom,Netiface America; Inc.,N/A,N/A
120.48.106.205,3,15,China,Beijing Baidu Netcom Science and Technology Co.; Ltd.,N/A,N/A
14.103.118.114,3,28,China,China Telecom Group,N/A,N/A
151.69.244.7,3,6,Italy,Wind Tre S.p.A.,N/A,N/A
160.25.88.242,3,15,Vietnam,DAINTY CLOUD INC,N/A,N/A
176.65.132.23,3,90,Germany,Pfcloud UG (haftungsbeschrankt),N/A,N/A
193.105.134.95,3,51,Sweden,w1n ltd,N/A,N/A
202.152.49.82,3,6,Indonesia,PT Aplikanusa Lintasarta,N/A,N/A
208.3.195.65,3,3,United States,Volcano Vision; Inc.,N/A,N/A
213.209.159.142,3,5104,Taiwan,Feo Prest SRL,N/A,N/A
23.97.62.131,3,15,Singapore,Microsoft Corporation,N/A,N/A
34.77.191.38,3,7,Belgium,Google LLC,N/A,N/A
34.78.177.87,3,4,Belgium,Google LLC,N/A,N/A
35.195.241.97,3,3,Belgium,Google LLC,N/A,N/A
37.237.191.73,3,3,Iraq,Earthlink Telecommunications Equipment Trading & Services DMCC,N/A,N/A
37.77.150.121,3,10003,Russia,Proton66 OOO,N/A,N/A
39.61.46.227,3,3,Pakistan,Pakistan Telecommunication Company Limited,N/A,N/A
45.192.96.183,3,21,Seychelles,cognetcloud INC,N/A,N/A
45.202.102.17,3,57,Seychelles,HOSTKEY,N/A,N/A
46.151.182.187,3,3,Netherlands,Ghosty Networks LLC,N/A,N/A
47.250.122.222,3,9,Malaysia,Alibaba US Technology Co.; Ltd.,N/A,N/A
47.252.35.152,3,9,United States,Alibaba US Technology Co.; Ltd.,N/A,N/A
47.253.5.130,3,9,United States,Alibaba US Technology Co.; Ltd.,N/A,N/A
64.89.161.53,3,75,United Kingdom,Ghosty Networks LLC,N/A,N/A
64.89.163.146,3,3,United Kingdom,Netiface America; Inc.,N/A,N/A
64.89.163.153,3,3,United Kingdom,Netiface America; Inc.,N/A,N/A
64.89.163.163,3,3,United Kingdom,Netiface America; Inc.,N/A,N/A
64.89.163.179,3,3,United Kingdom,Netiface America; Inc.,N/A,N/A
64.89.163.180,3,3,United Kingdom,Netiface America; Inc.,N/A,N/A
64.89.163.91,3,3,United Kingdom,Netiface America; Inc.,N/A,N/A
64.89.163.92,3,3,United Kingdom,Netiface America; Inc.,N/A,N/A
64.89.163.97,3,3,United Kingdom,Netiface America; Inc.,N/A,N/A
69.5.189.150,3,4,Seychelles,Global-Data System IT Corporation,N/A,N/A
83.168.71.160,3,21,Poland,Korbank S. A.,N/A,N/A
87.98.166.118,3,21,France,OVH SAS,N/A,N/A
94.26.106.200,3,118,Germany,dataforest GmbH,N/A,N/A
101.36.118.177,2,20,Hong Kong,UCLOUD INFORMATION TECHNOLOGY HK LIMITED,N/A,N/A
101.89.134.2,2,2,China,China Telecom Group,N/A,N/A
103.143.10.79,2,10,Hong Kong,YISU CLOUD LTD,N/A,N/A
103.182.192.126,2,8,Indonesia,PT iForte Global Internet,N/A,N/A
103.230.220.148,2,2,India,Auriganet Digital Technologies Private Limited,N/A,N/A
103.253.21.136,2,8,Vietnam,PSG JOINT STOCK COMPANY,N/A,N/A
103.253.21.150,2,5,Vietnam,PSG JOINT STOCK COMPANY,N/A,N/A
103.253.21.165,2,8,Vietnam,PSG JOINT STOCK COMPANY,N/A,N/A
103.38.236.76,2,6,Vietnam,Phu Hai Computer Co.; Ltd,N/A,N/A
103.59.163.132,2,10,Myanmar,Golden Dragon 2000,N/A,N/A
103.59.163.133,2,10,Myanmar,Golden Dragon 2000,N/A,N/A
103.8.195.18,2,14,Indonesia,PT Aplikanusa Lintasarta,N/A,N/A
104.248.80.228,2,14,Netherlands,DigitalOcean; LLC,N/A,N/A
109.224.17.86,2,2,Iraq,Hulum Almustakbal Company for Communication Engineering and Services Ltd,N/A,N/A
110.227.215.90,2,12,India,Bharti Airtel Ltd.; Telemedia Services,N/A,N/A
111.68.99.61,2,2,Pakistan,PERN AS Content Servie Provider; Islamabad; Pakistan,N/A,N/A
112.5.95.190,2,22,China,China Mobile Communications Group Co.; Ltd.,N/A,N/A
114.80.34.109,2,2,China,China Telecom Group,N/A,N/A
115.42.66.40,2,4,Pakistan,Connect Communications,N/A,N/A
116.110.145.45,2,126,Vietnam,Viettel Corporation,N/A,N/A
116.110.153.41,2,96,Vietnam,Viettel Corporation,N/A,N/A
116.110.154.157,2,101,Vietnam,Viettel Corporation,N/A,N/A
116.110.210.147,2,96,Vietnam,Viettel Corporation,N/A,N/A
116.110.213.59,2,143,Vietnam,Viettel Corporation,N/A,N/A
116.110.223.26,2,136,Vietnam,Viettel Corporation,N/A,N/A
116.99.169.87,2,124,Vietnam,Viettel Corporation,N/A,N/A
116.99.172.128,2,103,Vietnam,Viettel Corporation,N/A,N/A
116.99.173.28,2,97,Vietnam,Viettel Corporation,N/A,N/A
116.99.175.87,2,93,Vietnam,Viettel Corporation,N/A,N/A
120.192.208.126,2,4,China,China Mobile Communications Group Co.; Ltd.,N/A,N/A
120.201.126.45,2,2,China,China Mobile Communications Group Co.; Ltd.,N/A,N/A
121.227.31.13,2,25,China,Chinanet,N/A,N/A
122.54.143.156,2,4,Philippines,Philippine Long Distance Telephone Company,N/A,N/A
125.136.66.173,2,2,South Korea,Korea Telecom,N/A,N/A
125.20.228.146,2,12,India,BHARTI Airtel Ltd.,N/A,N/A
125.72.8.199,2,10,China,Qinghai Telecom,N/A,N/A
128.199.225.7,2,6,Singapore,DigitalOcean; LLC,N/A,N/A
130.12.180.107,2,190,United States,Omegatech LTD,N/A,N/A
130.12.180.76,2,9,United States,Omegatech LTD,N/A,N/A
130.12.181.151,2,51,United States,Netiface LLC,N/A,N/A
130.211.53.197,2,2,Belgium,Google LLC,N/A,N/A
14.103.107.221,2,14,China,China Telecom Group,N/A,N/A
14.103.112.107,2,10,China,China Telecom Group,N/A,N/A
14.103.115.117,2,35,China,China Telecom Group,N/A,N/A
14.103.115.143,2,19,China,China Telecom Group,N/A,N/A
14.103.115.233,2,19,China,China Telecom Group,N/A,N/A
14.103.118.74,2,10,China,China Telecom Group,N/A,N/A
14.103.127.204,2,10,China,China Telecom Group,N/A,N/A
14.103.31.218,2,16,China,China Telecom Group,N/A,N/A
14.156.39.228,2,88,China,Chinanet,N/A,N/A
142.202.191.102,2,2669,United States,Dynu Systems Incorporated,N/A,N/A
143.198.236.12,2,14,United States,DigitalOcean; LLC,N/A,N/A
143.202.210.166,2,2,Paraguay,RED PARAGUAYA DE TELECOMUNICACIONES SA,N/A,N/A
144.79.133.252,2,13,Bangladesh,ExtentIT Solution Limited,N/A,N/A
154.50.110.184,2,8,United States,EASY LINK LLC,N/A,N/A
154.72.193.246,2,4,Uganda,NITA,N/A,N/A
154.73.29.90,2,18,Libya,General Post and Telecommunication Company,N/A,N/A
157.230.83.123,2,12,United States,DigitalOcean; LLC,N/A,N/A
159.223.43.21,2,6,Singapore,DigitalOcean; LLC,N/A,N/A
160.30.172.107,2,10,Vietnam,Thien Quang Digital technology joint stock company,N/A,N/A
161.97.99.230,2,2,France,Contabo GmbH,N/A,N/A
163.7.3.156,2,6,Indonesia,Byteplus Pte. Ltd.,N/A,N/A
164.92.162.144,2,56,Germany,DigitalOcean; LLC,N/A,N/A
171.231.177.243,2,112,Vietnam,Viettel Group,N/A,N/A
171.231.177.44,2,140,Vietnam,Viettel Group,N/A,N/A
171.231.191.68,2,121,Vietnam,Viettel Group,N/A,N/A
171.231.192.247,2,140,Vietnam,Viettel Group,N/A,N/A
171.231.199.68,2,106,Vietnam,Viettel Group,N/A,N/A
171.243.151.197,2,135,Vietnam,Viettel Group,N/A,N/A
176.215.5.248,2,4,Russia,JSC ER-Telecom Holding,N/A,N/A
176.65.132.143,2,177,Germany,Pfcloud UG (haftungsbeschrankt),N/A,N/A
178.104.59.107,2,8,Germany,Hetzner Online GmbH,N/A,N/A
178.132.106.162,2,58,France,Datacamp Limited,N/A,N/A
178.54.121.132,2,4,Ukraine,Synapse Network LTD,N/A,N/A
180.110.149.157,2,10,China,CHINANET Nanjing Jishan IDC network,N/A,N/A
180.76.137.37,2,11,China,Beijing Baidu Netcom Science and Technology Co.; Ltd.,N/A,N/A
181.233.91.175,2,4,Venezuela,COLNETWORK C.A.,N/A,N/A
181.39.108.14,2,2,Ecuador,Telconet S.A,N/A,N/A
183.81.33.183,2,10,Vietnam,FPT Telecom Company,N/A,N/A
185.196.8.233,2,8,Switzerland,Global-Data System IT Corporation,N/A,N/A
185.21.120.72,2,2,Palestine,Astra for Telecommunication and IT Services,N/A,N/A
185.217.188.134,2,2,Kazakhstan,Optinet LLP,N/A,N/A
185.242.3.105,2,8,The Netherlands,Netiface Limited,N/A,N/A
185.34.144.217,2,4,United States,CNServer LLC,N/A,N/A
187.243.78.4,2,2,Mexico,Mega Cable; S.A. de C.V.,N/A,N/A
187.32.48.59,2,2,Brazil,ALGAR TELECOM SA,N/A,N/A
189.232.45.103,2,2,Mexico,UNINET,N/A,N/A
190.53.36.68,2,4,Nicaragua,Amnet Telecomunicaciones S.A.,N/A,N/A
193.160.101.25,2,2,Finland,PacketHub S.A.,N/A,N/A
195.211.191.112,2,38,Ukraine,Hbing Limited,N/A,N/A
195.91.162.115,2,4,Russia,JSC ER-Telecom Holding,N/A,N/A
196.188.236.13,2,14,Ethiopia,Ethiopian Telecommunication Corporation,N/A,N/A
197.44.143.178,2,2,Egypt,TE Data,N/A,N/A
20.119.43.68,2,2,United States,Microsoft Corporation,N/A,N/A
200.166.5.18,2,2,Brazil,CLARO S.A.,N/A,N/A
201.93.161.154,2,2,Brazil,TELEFONICA BRASIL S.A,N/A,N/A
203.192.224.97,2,2,India,ONEOTT INTERTAINMENT LIMITED,N/A,N/A
207.46.224.85,2,15,Singapore,Microsoft Corporation,N/A,N/A
210.211.127.114,2,8,Vietnam,CHT Compamy Ltd,N/A,N/A
213.177.179.79,2,5204,Taiwan,Feo Prest SRL,N/A,N/A
216.218.206.69,2,14,United States,Hurricane Electric LLC,N/A,N/A
216.238.93.106,2,16,Mexico,The Constant Company; LLC,N/A,N/A
217.154.217.5,2,2,Germany,IONOS SE,N/A,N/A
217.165.50.94,2,2,United Arab Emirates,Emirates Telecommunications Group Company (etisalat Group) Pjsc,N/A,N/A
218.200.173.73,2,24,China,China Mobile Communications Group Co.; Ltd.,N/A,N/A
27.79.2.98,2,137,Vietnam,Viettel Group,N/A,N/A
27.79.43.197,2,121,Vietnam,Viettel Group,N/A,N/A
27.79.44.182,2,150,Vietnam,Viettel Group,N/A,N/A
34.140.1.38,2,5,Belgium,Google LLC,N/A,N/A
34.22.170.248,2,4,Belgium,Google LLC,N/A,N/A
34.53.234.177,2,18,Belgium,Google LLC,N/A,N/A
34.62.154.67,2,18,Belgium,Google LLC,N/A,N/A
34.62.246.23,2,3,Belgium,Google LLC,N/A,N/A
34.79.139.212,2,2,Belgium,Google LLC,N/A,N/A
35.233.50.59,2,3,Belgium,Google LLC,N/A,N/A
35.233.95.0,2,3,Belgium,Google LLC,N/A,N/A
36.134.147.79,2,15,China,China Mobile Communications Group Co.; Ltd.,N/A,N/A
36.138.202.60,2,10,China,China Mobile Communications Group Co.; Ltd.,N/A,N/A
37.120.213.13,2,15,Switzerland,M247 Europe SRL,N/A,N/A
38.224.81.123,2,2,Ecuador,PUNTONET S.A.,N/A,N/A
38.25.30.40,2,2,Peru,WI-NET TELECOM S.A.C.,N/A,N/A
41.32.217.26,2,2,Egypt,TE Data,N/A,N/A
44.220.188.179,2,3,United States,Amazon.com; Inc.,N/A,N/A
45.10.155.65,2,17,France,PacketHub S.A.,N/A,N/A
45.10.155.66,2,7,France,PacketHub S.A.,N/A,N/A
45.204.210.229,2,118,Hong Kong,VpsQuan L.L.C.,N/A,N/A
45.227.254.130,2,17,Panama,Flyservers S.A.,N/A,N/A
45.55.73.36,2,12,United States,DigitalOcean; LLC,N/A,N/A
45.78.194.242,2,59,Singapore,Byteplus Pte. Ltd.,N/A,N/A
45.84.137.251,2,8,France,PacketHub S.A.,N/A,N/A
46.151.182.181,2,2,Netherlands,Ghosty Networks LLC,N/A,N/A
46.151.182.45,2,88,Netherlands,Ghosty Networks LLC,N/A,N/A
47.236.76.100,2,6,Singapore,Alibaba US Technology Co.; Ltd.,N/A,N/A
47.90.209.221,2,6,United States,Alibaba US Technology Co.; Ltd.,N/A,N/A
51.81.208.33,2,10,United States,OVH SAS,N/A,N/A
58.209.234.84,2,10,China,Chinanet,N/A,N/A
60.173.100.181,2,2,China,Chinanet,N/A,N/A
60.8.224.202,2,4,China,CHINA UNICOM China169 Backbone,N/A,N/A
61.243.126.8,2,2,China,CHINA UNICOM China169 Backbone,N/A,N/A
61.34.98.139,2,5,South Korea,LG DACOM Corporation,N/A,N/A
62.60.130.29,2,8,Iran,Cipher Operations Doo Beograd - Novi Beograd,N/A,N/A
64.23.252.110,2,14,United States,DigitalOcean; LLC,N/A,N/A
64.62.197.212,2,14,United States,Hurricane Electric LLC,N/A,N/A
64.72.74.162,2,12,United States,Crown Castle Fiber LLC,N/A,N/A
64.89.163.140,2,2,United Kingdom,Netiface America; Inc.,N/A,N/A
64.89.163.154,2,2,United Kingdom,Netiface America; Inc.,N/A,N/A
64.89.163.165,2,2,United Kingdom,Netiface America; Inc.,N/A,N/A
64.89.163.170,2,2,United Kingdom,Netiface America; Inc.,N/A,N/A
66.94.106.182,2,2,United States,Contabo Inc.,N/A,N/A
74.48.137.131,2,122,United States,MULTACOM CORPORATION,N/A,N/A
77.2.53.145,2,122,Germany,Telefonica Germany,N/A,N/A
77.83.36.166,2,17,Ukraine,Layer7 Networks GmbH,N/A,N/A
78.186.122.137,2,2,Türkiye,Turk Telekom,N/A,N/A
8.208.115.249,2,6,United Kingdom,Alibaba US Technology Co.; Ltd.,N/A,N/A
8.209.246.104,2,6,Japan,Alibaba US Technology Co.; Ltd.,N/A,N/A
8.215.41.147,2,6,Indonesia,Alibaba US Technology Co.; Ltd.,N/A,N/A
8.220.192.64,2,6,South Korea,Alibaba US Technology Co.; Ltd.,N/A,N/A
81.21.9.226,2,6,Jordan,Vtel Holdings Limited/jordan Co.,N/A,N/A
83.142.209.8,2,152,Netherlands,Ghosty Networks LLC,N/A,N/A
84.43.254.214,2,12,Bulgaria,M SAT Cable EAD,N/A,N/A
87.121.125.208,2,9,Kazakhstan,NLS Kazakhstan LLC,N/A,N/A
89.104.102.127,2,8,Uzbekistan,Uzbektelekom Joint Stock Company,N/A,N/A
93.42.222.164,2,12,Italy,Fastweb,N/A,N/A
94.26.106.201,2,90,Germany,dataforest GmbH,N/A,N/A
95.217.75.11,2,10,Finland,Hetzner Online GmbH,N/A,N/A
1.1.179.83,1,6,Thailand,TOT Public Company Limited,N/A,N/A
1.172.13.3,1,11,Taiwan,Data Communication Business Group,N/A,N/A
1.172.252.64,1,11,Taiwan,Data Communication Business Group,N/A,N/A
1.193.163.2,1,6,China,Chinanet,N/A,N/A
1.197.169.109,1,6,China,Chinanet,N/A,N/A
1.212.92.138,1,4,South Korea,LG DACOM Corporation,N/A,N/A
1.220.64.218,1,7,South Korea,LG DACOM Corporation,N/A,N/A
1.27.192.214,1,11,China,CHINA UNICOM China169 Backbone,N/A,N/A
1.82.135.154,1,6,China,Chinanet,N/A,N/A
101.126.143.152,1,5,China,Beijing Volcano Engine Technology Co.; Ltd.,N/A,N/A
101.126.157.140,1,12,China,Beijing Volcano Engine Technology Co.; Ltd.,N/A,N/A
101.126.35.9,1,25,China,Beijing Volcano Engine Technology Co.; Ltd.,N/A,N/A
101.126.54.167,1,10,China,Beijing Volcano Engine Technology Co.; Ltd.,N/A,N/A
101.126.54.95,1,5,China,Beijing Volcano Engine Technology Co.; Ltd.,N/A,N/A
101.126.55.95,1,20,China,Beijing Volcano Engine Technology Co.; Ltd.,N/A,N/A
101.126.82.218,1,5,China,Beijing Volcano Engine Technology Co.; Ltd.,N/A,N/A
101.126.89.35,1,5,China,Beijing Volcano Engine Technology Co.; Ltd.,N/A,N/A
101.128.132.131,1,2,Japan,Internet Initiative Japan Inc.,N/A,N/A
101.35.48.182,1,9,China,Shenzhen Tencent Computer Systems Company Limited,N/A,N/A
101.36.106.134,1,3,Hong Kong,UCLOUD INFORMATION TECHNOLOGY HK LIMITED,N/A,N/A
101.36.107.228,1,5,Hong Kong,UCLOUD INFORMATION TECHNOLOGY HK LIMITED,N/A,N/A
101.36.97.80,1,3,United Kingdom,UCLOUD INFORMATION TECHNOLOGY HK LIMITED,N/A,N/A
101.47.13.68,1,3,Singapore,Byteplus Pte. Ltd.,N/A,N/A
101.47.158.137,1,3,Singapore,Byteplus Pte. Ltd.,N/A,N/A
101.69.132.194,1,7,China,CHINA UNICOM China169 Backbone,N/A,N/A
101.89.148.7,1,15,China,China Telecom Group,N/A,N/A
102.209.220.182,1,1,Ivory Coast,ORANGE-COTE-IVOIRE,N/A,N/A
102.38.3.107,1,6,Libya,Giga-Communication,N/A,N/A
102.38.3.181,1,6,Libya,Giga-Communication,N/A,N/A
102.45.193.82,1,2,Egypt,TE Data,N/A,N/A
103.109.137.10,1,1,India,Hubcom Techno System Llp,N/A,N/A
103.113.50.214,1,7,Indonesia,PT Cyberindo Aditama,N/A,N/A
103.114.146.178,1,10,Laos,Mangkone Technology Co. Ltd.,N/A,N/A
103.131.129.90,1,11,India,Kerala Vision Broad Band Private Limited,N/A,N/A
103.139.154.160,1,5,Vietnam,VIET DIGITAL TECHNOLOGY LIABILITY COMPANY,N/A,N/A
103.145.4.161,1,1,Vietnam,VIETNAM POSTS AND TELECOMMUNICATIONS GROUP,N/A,N/A
103.147.248.44,1,6,India,Softcrop It,N/A,N/A
103.154.123.19,1,5,Indonesia,PT Mora Telematika Indonesia,N/A,N/A
103.157.24.46,1,122,Indonesia,PT Dapur Remaja Multi Sarana,N/A,N/A
103.158.130.226,1,2,Indonesia,PT Sarva Solution Indonesia,N/A,N/A
103.159.221.47,1,2,Indonesia,PT. Fiber Networks Indonesia,N/A,N/A
103.161.145.181,1,1,India,Kerala Vision Broad Band Private Limited,N/A,N/A
103.164.137.206,1,4,Indonesia,PT iForte Global Internet,N/A,N/A
103.165.157.229,1,2,Indonesia,MEGADATA-ISP,N/A,N/A
103.171.69.111,1,5,Bangladesh,Multilink International,N/A,N/A
103.171.69.119,1,5,Bangladesh,Multilink International,N/A,N/A
103.171.69.99,1,5,Bangladesh,Multilink International,N/A,N/A
103.174.102.241,1,5,India,IDIGITALCAMP WEB SERVICES,N/A,N/A
103.175.30.230,1,6,India,ONEOTT INTERTAINMENT LIMITED,N/A,N/A
103.176.227.208,1,7,Indonesia,PT Pass Internet Indonesia,N/A,N/A
103.177.4.230,1,5,India,Mahalaxmi Communication,N/A,N/A
103.18.133.253,1,1,Indonesia,PT. Bangun Abadi Teknologi Indonesia,N/A,N/A
103.182.192.194,1,4,Indonesia,PT iForte Global Internet,N/A,N/A
103.182.200.6,1,4,Indonesia,PT iForte Global Internet,N/A,N/A
103.199.141.28,1,1,Pakistan,ASCON TEL PRIVATE LIMITED,N/A,N/A
103.2.181.186,1,1,Singapore,Pacific Internet Pte Ltd,N/A,N/A
103.214.219.39,1,1,Bangladesh,MD SHIRAJUL HAIDER TA Cue Club Technology,N/A,N/A
103.218.241.106,1,10,Hong Kong,UCLOUD INFORMATION TECHNOLOGY HK LIMITED,N/A,N/A
103.218.243.42,1,10,Hong Kong,UCLOUD INFORMATION TECHNOLOGY HK LIMITED,N/A,N/A
103.230.120.88,1,12,Thailand,Bangmod Enterprise Co.; Ltd.,N/A,N/A
103.236.154.142,1,17,India,Quest Consultancy Pvt Ltd,N/A,N/A
103.253.21.199,1,5,Vietnam,PSG JOINT STOCK COMPANY,N/A,N/A
103.3.43.242,1,6,India,Tata Teleservices Maharashtra Ltd,N/A,N/A
103.54.153.146,1,5,Singapore,Host Universal Pty Ltd,N/A,N/A
103.68.22.115,1,5,India,Ani Network Pvt Ltd,N/A,N/A
103.72.147.96,1,20,Singapore,UCLOUD INFORMATION TECHNOLOGY HK LIMITED,N/A,N/A
103.74.253.71,1,3,Thailand,NIPA TECHNOLOGY CO.; LTD,N/A,N/A
103.78.140.174,1,4,Indonesia,PT INDONESIA COMNETS PLUS,N/A,N/A
103.8.185.158,1,7,Indonesia,PT Aplikanusa Lintasarta,N/A,N/A
103.81.170.109,1,2,China,HanMing HK Limited,N/A,N/A
103.83.9.206,1,1,India,Devdarpan Broadband Pvt. Ltd.,N/A,N/A
103.94.137.251,1,1,India,Alliance Broadband Services Pvt. Ltd.,N/A,N/A
103.94.27.78,1,1,India,HOSTZOP CLOUD SERVICES PRIVATE LIMITED,N/A,N/A
103.97.101.30,1,4,Indonesia,Dinas Kominfo Kota Pekalongan,N/A,N/A
104.128.129.111,1,3,Russia,I-servers Ltd,N/A,N/A
104.155.113.48,1,9,Belgium,Google LLC,N/A,N/A
105.154.235.171,1,1,Morocco,MT-MPLS,N/A,N/A
105.157.87.154,1,1,Morocco,MT-MPLS,N/A,N/A
105.158.29.135,1,1,Morocco,MT-MPLS,N/A,N/A
105.159.124.252,1,1,Morocco,MT-MPLS,N/A,N/A
105.159.168.214,1,2,Morocco,MT-MPLS,N/A,N/A
106.13.132.22,1,5,China,Beijing Baidu Netcom Science and Technology Co.; Ltd.,N/A,N/A
106.13.181.42,1,5,China,Beijing Baidu Netcom Science and Technology Co.; Ltd.,N/A,N/A
106.13.69.159,1,5,China,Beijing Baidu Netcom Science and Technology Co.; Ltd.,N/A,N/A
106.243.155.71,1,4,South Korea,LG DACOM Corporation,N/A,N/A
106.251.233.106,1,5,South Korea,LG DACOM Corporation,N/A,N/A
106.75.12.244,1,5,China,China Unicom Beijing Province Network,N/A,N/A
106.75.13.37,1,5,China,China Unicom Beijing Province Network,N/A,N/A
106.75.25.212,1,12,China,China Unicom Beijing Province Network,N/A,N/A
106.75.9.25,1,5,China,China Unicom Beijing Province Network,N/A,N/A
107.150.119.229,1,5,Hong Kong,UCLOUD INFORMATION TECHNOLOGY HK LIMITED,N/A,N/A
107.170.58.77,1,12,United States,DigitalOcean; LLC,N/A,N/A
107.172.20.103,1,5,United States,HostPapa,N/A,N/A
109.105.210.72,1,1,Portugal,Zenlayer Inc,N/A,N/A
109.199.121.91,1,5,France,Contabo GmbH,N/A,N/A
109.205.211.57,1,1,Azerbaijan,MEVSPACE sp. z o.o.,N/A,N/A
109.233.21.109,1,6,Lebanon,Waves S.a.l,N/A,N/A
109.92.120.247,1,4,Serbia,TELEKOM SRBIJA a.d.,N/A,N/A
110.136.218.162,1,2,Indonesia,PT Telekomunikasi Indonesia,N/A,N/A
110.138.222.24,1,106,Indonesia,PT Telekomunikasi Indonesia,N/A,N/A
110.44.117.64,1,6,Nepal,VIA NET COMMUNICATION LTD.,N/A,N/A
111.17.213.162,1,6,China,Shandong Mobile Communication Company Limited,N/A,N/A
111.171.125.94,1,6,South Korea,SK Broadband Co Ltd,N/A,N/A
111.194.229.14,1,6,China,China Unicom Beijing Province Network,N/A,N/A
111.198.51.131,1,11,China,China Unicom Beijing Province Network,N/A,N/A
111.207.112.5,1,5,China,China Unicom Beijing Province Network,N/A,N/A
111.229.67.242,1,5,China,Shenzhen Tencent Computer Systems Company Limited,N/A,N/A
111.248.10.75,1,1,Taiwan,Data Communication Business Group,N/A,N/A
111.39.206.23,1,6,China,China Mobile Communications Group Co.; Ltd.,N/A,N/A
111.47.243.219,1,5,China,China Mobile Communications Group Co.; Ltd.,N/A,N/A
111.53.131.79,1,6,China,China Mobile communications corporation,N/A,N/A
111.53.147.80,1,10,China,China Mobile communications corporation,N/A,N/A
111.70.23.235,1,6,Taiwan,Mobile Business Group,N/A,N/A
111.70.32.198,1,6,Taiwan,Mobile Business Group,N/A,N/A
111.70.51.23,1,6,Taiwan,Mobile Business Group,N/A,N/A
112.132.249.164,1,5,China,CHINA UNICOM China169 Backbone,N/A,N/A
112.164.209.49,1,6,South Korea,Korea Telecom,N/A,N/A
112.164.4.52,1,11,South Korea,Korea Telecom,N/A,N/A
112.217.109.154,1,5,South Korea,LG DACOM Corporation,N/A,N/A
112.26.50.170,1,1,China,China Mobile Communications Group Co.; Ltd.,N/A,N/A
112.27.129.78,1,6,China,China Mobile Communications Group Co.; Ltd.,N/A,N/A
112.6.127.244,1,6,China,Shandong Mobile Communication Company Limited,N/A,N/A
112.78.135.82,1,2,Indonesia,Biznet ISP,N/A,N/A
113.108.88.121,1,6,China,Chinanet,N/A,N/A
113.133.166.150,1,5,China,CHINANET SHAANXI province Cloud Base network,N/A,N/A
113.164.234.202,1,1,Vietnam,VNPT Corp,N/A,N/A
113.219.245.57,1,5,China,No.293;Wanbao Avenue,N/A,N/A
113.45.48.119,1,1,China,Huawei Cloud Service data center,N/A,N/A
113.56.161.85,1,5,China,CHINA UNICOM China169 Backbone,N/A,N/A
113.78.173.254,1,12,China,Chinanet,N/A,N/A
114.104.188.248,1,1,China,Chinanet,N/A,N/A
114.220.238.224,1,5,China,Chinanet,N/A,N/A
115.186.175.94,1,4,Pakistan,Nayatel Pvt Ltd,N/A,N/A
115.190.142.147,1,5,China,Beijing Volcano Engine Technology Co.; Ltd.,N/A,N/A
115.190.24.246,1,5,China,Beijing Volcano Engine Technology Co.; Ltd.,N/A,N/A
115.190.63.82,1,3,China,Beijing Volcano Engine Technology Co.; Ltd.,N/A,N/A
115.191.28.64,1,5,China,Beijing Volcano Engine Technology Co.; Ltd.,N/A,N/A
115.220.0.238,1,5,China,CT-HangZhou-IDC,N/A,N/A
115.231.13.120,1,5,China,CT-HangZhou-IDC,N/A,N/A
115.244.175.130,1,1,India,Reliance Jio Infocomm Limited,N/A,N/A
115.245.136.58,1,2,India,Reliance Jio Infocomm Limited,N/A,N/A
116.110.0.6,1,5,Vietnam,Viettel Corporation,N/A,N/A
116.110.144.188,1,59,Vietnam,Viettel Corporation,N/A,N/A
116.110.149.125,1,10,Vietnam,Viettel Corporation,N/A,N/A
116.110.151.247,1,104,Vietnam,Viettel Corporation,N/A,N/A
116.110.158.15,1,161,Vietnam,Viettel Corporation,N/A,N/A
116.110.212.71,1,110,Vietnam,Viettel Corporation,N/A,N/A
116.110.215.52,1,28,Vietnam,Viettel Corporation,N/A,N/A
116.110.216.174,1,24,Vietnam,Viettel Corporation,N/A,N/A
116.110.219.16,1,35,Vietnam,Viettel Corporation,N/A,N/A
116.118.45.133,1,1,Vietnam,Webico Company Limited,N/A,N/A
116.147.40.93,1,5,China,CHINA UNICOM China169 Backbone,N/A,N/A
116.193.169.130,1,1,Hong Kong,POWER LINE DATACENTER,N/A,N/A
116.232.19.229,1,6,China,China Telecom Group,N/A,N/A
116.253.213.64,1,5,China,CHINATELECOM Guangxi Nanning IDC networkdescr: NanningGuangxi Province; P.R.China.,N/A,N/A
116.255.159.84,1,5,China,CHINA UNICOM China169 Backbone,N/A,N/A
116.48.138.69,1,6,Hong Kong,HKT Limited,N/A,N/A
116.6.109.157,1,5,China,China Telecom Next Generation Carrier Network,N/A,N/A
116.99.168.182,1,67,Vietnam,Viettel Corporation,N/A,N/A
116.99.169.42,1,110,Vietnam,Viettel Corporation,N/A,N/A
116.99.170.151,1,169,Vietnam,Viettel Corporation,N/A,N/A
116.99.171.221,1,65,Vietnam,Viettel Corporation,N/A,N/A
116.99.171.253,1,17,Vietnam,Viettel Corporation,N/A,N/A
116.99.172.74,1,42,Vietnam,Viettel Corporation,N/A,N/A
116.99.173.223,1,145,Vietnam,Viettel Corporation,N/A,N/A
116.99.174.188,1,12,Vietnam,Viettel Corporation,N/A,N/A
117.102.114.74,1,7,Indonesia,BIZNET NETWORKS,N/A,N/A
117.102.74.131,1,2,Indonesia,BIZNET NETWORKS,N/A,N/A
117.140.5.178,1,12,China,China Mobile Communications Group Co.; Ltd.,N/A,N/A
117.176.204.214,1,6,China,China Mobile Communications Group Co.; Ltd.,N/A,N/A
117.250.70.29,1,6,India,National Internet Backbone,N/A,N/A
117.40.190.144,1,11,China,Chinanet,N/A,N/A
118.107.42.32,1,1,Singapore,CTG Server Limited,N/A,N/A
118.107.42.40,1,1,Singapore,CTG Server Limited,N/A,N/A
118.126.82.104,1,5,China,Shenzhen Tencent Computer Systems Company Limited,N/A,N/A
118.163.231.11,1,1,Taiwan,Data Communication Business Group,N/A,N/A
118.170.88.10,1,11,Taiwan,Data Communication Business Group,N/A,N/A
118.183.180.108,1,6,China,Chinanet,N/A,N/A
118.185.85.137,1,5,India,Vodafone Idea Ltd,N/A,N/A
118.193.46.245,1,5,Hong Kong,UCLOUD INFORMATION TECHNOLOGY HK LIMITED,N/A,N/A
118.193.47.114,1,3,Hong Kong,UCLOUD INFORMATION TECHNOLOGY HK LIMITED,N/A,N/A
118.193.58.125,1,3,Germany,UCLOUD INFORMATION TECHNOLOGY HK LIMITED,N/A,N/A
118.244.195.241,1,2,China,China Networks Inter-Exchange,N/A,N/A
118.248.74.241,1,11,China,Chinanet,N/A,N/A
119.160.167.166,1,6,Brunei,Unified National Networks,N/A,N/A
119.6.55.57,1,6,China,CHINA UNICOM China169 Backbone,N/A,N/A
119.96.159.237,1,5,China,CHINANET Hubei province network,N/A,N/A
119.96.173.30,1,5,China,CHINANET Hubei province network,N/A,N/A
120.157.223.40,1,17,Australia,Telstra Limited,N/A,N/A
120.203.25.201,1,10,China,China Mobile communications corporation,N/A,N/A
120.217.54.22,1,1,China,Henan Mobile Communications Co.;Ltd,N/A,N/A
120.239.166.141,1,12,China,China Mobile Communications Group Co.; Ltd.,N/A,N/A
120.36.238.211,1,11,China,Chinanet,N/A,N/A
120.48.109.159,1,10,China,Beijing Baidu Netcom Science and Technology Co.; Ltd.,N/A,N/A
120.48.130.213,1,5,China,Beijing Baidu Netcom Science and Technology Co.; Ltd.,N/A,N/A
120.48.167.92,1,5,China,Beijing Baidu Netcom Science and Technology Co.; Ltd.,N/A,N/A
120.48.170.78,1,10,China,Beijing Baidu Netcom Science and Technology Co.; Ltd.,N/A,N/A
120.48.32.130,1,2,China,Beijing Baidu Netcom Science and Technology Co.; Ltd.,N/A,N/A
120.48.52.58,1,5,China,Beijing Baidu Netcom Science and Technology Co.; Ltd.,N/A,N/A
120.48.80.70,1,5,China,Beijing Baidu Netcom Science and Technology Co.; Ltd.,N/A,N/A
121.135.188.125,1,6,South Korea,Korea Telecom,N/A,N/A
121.167.5.245,1,3,South Korea,Korea Telecom,N/A,N/A
121.173.173.48,1,123,South Korea,Korea Telecom,N/A,N/A
121.188.193.96,1,6,South Korea,Korea Telecom,N/A,N/A
121.205.81.126,1,10,China,Chinanet,N/A,N/A
121.227.152.171,1,10,China,Chinanet,N/A,N/A
121.228.250.70,1,15,China,Chinanet,N/A,N/A
121.229.5.171,1,5,China,Chinanet,N/A,N/A
121.29.4.239,1,7,China,CHINA UNICOM China169 Backbone,N/A,N/A
122.114.225.154,1,5,China,CHINA UNICOM China169 Backbone,N/A,N/A
122.114.69.235,1,5,China,CHINA UNICOM China169 Backbone,N/A,N/A
122.160.15.31,1,6,India,Bharti Airtel Ltd.; Telemedia Services,N/A,N/A
122.165.72.15,1,6,India,Bharti Airtel Ltd.; Telemedia Services,N/A,N/A
122.166.228.220,1,1,India,Bharti Airtel Ltd.; Telemedia Services,N/A,N/A
122.176.36.219,1,1,India,Bharti Airtel Ltd.; Telemedia Services,N/A,N/A
122.185.178.134,1,6,India,BHARTI Airtel Ltd.,N/A,N/A
122.187.227.148,1,6,India,BHARTI Airtel Ltd.,N/A,N/A
122.187.230.130,1,6,India,BHARTI Airtel Ltd.,N/A,N/A
122.187.230.215,1,6,India,BHARTI Airtel Ltd.,N/A,N/A
122.224.90.174,1,11,China,Chinanet,N/A,N/A
122.238.19.11,1,2,China,Chinanet,N/A,N/A
122.3.106.113,1,1,Philippines,Philippine Long Distance Telephone Company,N/A,N/A
122.54.146.157,1,1,Philippines,Philippine Long Distance Telephone Company,N/A,N/A
123.173.88.5,1,11,China,Chinanet,N/A,N/A
123.231.151.130,1,2,Indonesia,PT Aplikanusa Lintasarta,N/A,N/A
123.231.171.242,1,3,Indonesia,PT Aplikanusa Lintasarta,N/A,N/A
123.231.179.26,1,2,Indonesia,PT Aplikanusa Lintasarta,N/A,N/A
123.231.179.74,1,2,Indonesia,PT Aplikanusa Lintasarta,N/A,N/A
123.231.210.242,1,2,Indonesia,PT Aplikanusa Lintasarta,N/A,N/A
123.231.211.66,1,2,Indonesia,PT Aplikanusa Lintasarta,N/A,N/A
123.231.214.210,1,4,Indonesia,PT Aplikanusa Lintasarta,N/A,N/A
124.128.247.169,1,2,China,CHINA UNICOM China169 Backbone,N/A,N/A
124.167.20.72,1,6,China,CHINA UNICOM China169 Backbone,N/A,N/A
124.197.29.8,1,1,Vietnam,FPT Smart Cloud Company Limited,N/A,N/A
124.222.171.20,1,5,China,Shenzhen Tencent Computer Systems Company Limited,N/A,N/A
124.225.69.165,1,18,China,Chinanet,N/A,N/A
124.239.129.2,1,6,China,Chinanet,N/A,N/A
124.251.110.186,1,5,China,China Telecom Group,N/A,N/A
124.31.20.59,1,11,China,Chinanet,N/A,N/A
125.103.212.115,1,10,Japan,ARTERIA Networks Corporation,N/A,N/A
125.139.124.120,1,6,South Korea,Korea Telecom,N/A,N/A
125.160.113.245,1,2,Indonesia,PT Telekomunikasi Indonesia,N/A,N/A
125.161.122.120,1,7,Indonesia,PT Telekomunikasi Indonesia,N/A,N/A
125.165.107.137,1,2,Indonesia,PT Telekomunikasi Indonesia,N/A,N/A
125.167.50.19,1,2,Indonesia,PT Telekomunikasi Indonesia,N/A,N/A
125.17.185.94,1,6,India,BHARTI Airtel Ltd.,N/A,N/A
125.212.198.118,1,2,Vietnam,CHT Compamy Ltd,N/A,N/A
125.213.152.34,1,7,Indonesia,PT Aplikanusa Lintasarta,N/A,N/A
125.63.106.6,1,1,India,SHYAM SPECTRA PVT LTD,N/A,N/A
125.69.76.148,1,6,China,China Telecom Next Generation Carrier Network,N/A,N/A
125.70.140.42,1,11,China,Chinanet,N/A,N/A
125.70.243.81,1,4,China,Chinanet,N/A,N/A
125.71.204.218,1,7,China,Chinanet,N/A,N/A
125.75.125.193,1,1,China,Chinanet,N/A,N/A
128.14.226.191,1,3,United States,UCLOUD INFORMATION TECHNOLOGY HK LIMITED,N/A,N/A
128.14.236.30,1,3,United States,UCLOUD INFORMATION TECHNOLOGY HK LIMITED,N/A,N/A
128.185.228.134,1,6,India,BHARTI Airtel Ltd.,N/A,N/A
129.126.149.149,1,6,Singapore,M1 NET LTD,N/A,N/A
129.224.215.10,1,5,Argentina,Space Exploration Technologies Corporation,N/A,N/A
129.80.228.231,1,6,United States,Oracle Corporation,N/A,N/A
130.12.180.95,1,24,United States,Omegatech LTD,N/A,N/A
130.12.181.85,1,83,United States,Netiface LLC,N/A,N/A
130.211.57.54,1,9,Belgium,Google LLC,N/A,N/A
134.122.86.197,1,9,Germany,DigitalOcean; LLC,N/A,N/A
134.199.157.233,1,5,Australia,DigitalOcean; LLC,N/A,N/A
134.199.162.197,1,7,Australia,DigitalOcean; LLC,N/A,N/A
134.199.162.238,1,7,Australia,DigitalOcean; LLC,N/A,N/A
135.125.179.186,1,1,France,OVH SAS,N/A,N/A
136.112.89.68,1,1,United States,Google LLC,N/A,N/A
136.113.212.69,1,3,United States,Google LLC,N/A,N/A
136.244.108.42,1,10,Netherlands,The Constant Company; LLC,N/A,N/A
136.56.34.147,1,6,United States,Google Fiber Inc.,N/A,N/A
137.184.44.235,1,41,United States,DigitalOcean; LLC,N/A,N/A
137.220.54.112,1,9,Canada,The Constant Company; LLC,N/A,N/A
138.68.158.59,1,7,United Kingdom,DigitalOcean; LLC,N/A,N/A
138.68.64.153,1,28,Germany,DigitalOcean; LLC,N/A,N/A
139.180.152.162,1,5,Singapore,The Constant Company; LLC,N/A,N/A
139.194.91.76,1,2,Indonesia,Linknet-Fastnet ASN,N/A,N/A
139.28.174.92,1,7,Denmark,IPRoyal Services FZE LLC,N/A,N/A
139.84.157.72,1,7,India,The Constant Company; LLC,N/A,N/A
14.103.102.130,1,5,China,China Telecom Group,N/A,N/A
14.103.105.62,1,5,China,China Telecom Group,N/A,N/A
14.103.107.214,1,10,China,China Telecom Group,N/A,N/A
14.103.111.127,1,10,China,China Telecom Group,N/A,N/A
14.103.112.106,1,5,China,China Telecom Group,N/A,N/A
14.103.112.35,1,22,China,China Telecom Group,N/A,N/A
14.103.114.136,1,18,China,China Telecom Group,N/A,N/A
14.103.114.197,1,5,China,China Telecom Group,N/A,N/A
14.103.115.115,1,5,China,China Telecom Group,N/A,N/A
14.103.115.141,1,5,China,China Telecom Group,N/A,N/A
14.103.115.181,1,10,China,China Telecom Group,N/A,N/A
14.103.115.208,1,5,China,China Telecom Group,N/A,N/A
14.103.115.80,1,25,China,China Telecom Group,N/A,N/A
14.103.116.87,1,11,China,China Telecom Group,N/A,N/A
14.103.117.105,1,5,China,China Telecom Group,N/A,N/A
14.103.117.116,1,5,China,China Telecom Group,N/A,N/A
14.103.118.106,1,15,China,China Telecom Group,N/A,N/A
14.103.118.107,1,5,China,China Telecom Group,N/A,N/A
14.103.120.129,1,5,China,China Telecom Group,N/A,N/A
14.103.122.215,1,9,China,China Telecom Group,N/A,N/A
14.103.123.19,1,5,China,China Telecom Group,N/A,N/A
14.103.127.232,1,7,China,China Telecom Group,N/A,N/A
14.103.127.7,1,5,China,China Telecom Group,N/A,N/A
14.103.131.112,1,5,China,China Telecom Group,N/A,N/A
14.103.164.204,1,5,China,China Telecom Group,N/A,N/A
14.103.164.98,1,5,China,China Telecom Group,N/A,N/A
14.103.173.166,1,10,China,China Telecom Group,N/A,N/A
14.103.228.234,1,10,China,China Telecom Group,N/A,N/A
14.103.249.172,1,10,China,China Telecom Group,N/A,N/A
14.103.37.34,1,5,China,China Telecom Group,N/A,N/A
14.103.67.131,1,17,China,China Telecom Group,N/A,N/A
14.103.71.220,1,10,China,China Telecom Group,N/A,N/A
14.103.75.9,1,5,China,China Telecom Group,N/A,N/A
14.103.76.234,1,5,China,China Telecom Group,N/A,N/A
14.103.84.166,1,22,China,China Telecom Group,N/A,N/A
14.105.62.227,1,11,China,Chinanet,N/A,N/A
14.116.146.214,1,5,China,Chinanet,N/A,N/A
14.18.103.65,1,40,China,CHINANET Guangdong province network,N/A,N/A
14.19.16.109,1,2,China,Chinanet,N/A,N/A
14.225.19.47,1,1,Vietnam,VIETNAM POSTS AND TELECOMMUNICATIONS GROUP,N/A,N/A
14.23.77.27,1,6,China,Chinanet,N/A,N/A
14.29.181.34,1,5,China,Chinanet,N/A,N/A
14.29.204.161,1,6,China,Chinanet,N/A,N/A
14.29.208.128,1,5,China,Chinanet,N/A,N/A
14.40.80.89,1,3,South Korea,Korea Telecom,N/A,N/A
14.45.77.207,1,6,South Korea,Korea Telecom,N/A,N/A
14.53.109.62,1,4,South Korea,Korea Telecom,N/A,N/A
14.96.160.226,1,1,India,Tata Teleservices ISP AS,N/A,N/A
14.96.237.189,1,2,India,Tata Teleservices ISP AS,N/A,N/A
14.98.28.43,1,6,India,Tata Teleservices ISP AS,N/A,N/A
140.210.136.209,1,5,China,China Unicom,N/A,N/A
140.210.15.26,1,1,China,CHINANET Yunnan province IDC1 network,N/A,N/A
140.246.70.45,1,5,China,Cloud Computing Corporation,N/A,N/A
142.171.227.226,1,3,United States,MULTACOM CORPORATION,N/A,N/A
142.93.160.46,1,12,Germany,DigitalOcean; LLC,N/A,N/A
142.93.161.140,1,41,Germany,DigitalOcean; LLC,N/A,N/A
143.105.233.158,1,1,Zimbabwe,Space Exploration Technologies Corporation,N/A,N/A
143.105.37.125,1,1,Zimbabwe,Space Exploration Technologies Corporation,N/A,N/A
143.20.97.9,1,15,United States,Wojciech Czapkowicz,N/A,N/A
144.123.27.90,1,11,China,Chinanet,N/A,N/A
144.31.147.180,1,45,Germany,Play2go International Limited,N/A,N/A
146.148.113.3,1,2,Belgium,Google LLC,N/A,N/A
146.148.12.176,1,2,Belgium,Google LLC,N/A,N/A
146.148.122.35,1,2,Belgium,Google LLC,N/A,N/A
146.190.234.212,1,12,Netherlands,DigitalOcean; LLC,N/A,N/A
146.255.228.189,1,6,Georgia,JSC Silknet,N/A,N/A
146.56.182.39,1,6,South Korea,Oracle Corporation,N/A,N/A
146.70.134.3,1,7,Switzerland,M247 Europe SRL,N/A,N/A
146.70.166.195,1,7,United States,M247 Europe SRL,N/A,N/A
146.70.196.195,1,7,Hungary,M247 Europe SRL,N/A,N/A
147.182.255.3,1,7,United States,DigitalOcean; LLC,N/A,N/A
147.30.197.58,1,1,Kazakhstan,JSC Kazakhtelecom,N/A,N/A
147.45.60.22,1,5,Russia,Global Connectivity Solutions Llp,N/A,N/A
148.227.83.90,1,6,Brazil,Space Exploration Technologies Corporation,N/A,N/A
149.248.55.241,1,20,Canada,The Constant Company; LLC,N/A,N/A
149.28.131.40,1,19,Singapore,The Constant Company; LLC,N/A,N/A
15.235.5.241,1,1,Canada,OVH SAS,N/A,N/A
150.223.20.12,1,5,China,Cloud Computing Corporation,N/A,N/A
152.32.128.212,1,5,Hong Kong,UCLOUD INFORMATION TECHNOLOGY HK LIMITED,N/A,N/A
152.32.133.174,1,20,Hong Kong,UCLOUD INFORMATION TECHNOLOGY HK LIMITED,N/A,N/A
152.32.139.96,1,3,South Korea,UCLOUD INFORMATION TECHNOLOGY HK LIMITED,N/A,N/A
152.32.150.117,1,3,United States,UCLOUD INFORMATION TECHNOLOGY HK LIMITED,N/A,N/A
152.32.197.121,1,3,Brazil,UCLOUD INFORMATION TECHNOLOGY HK LIMITED,N/A,N/A
152.32.211.139,1,5,Hong Kong,UCLOUD INFORMATION TECHNOLOGY HK LIMITED,N/A,N/A
152.32.223.215,1,3,Vietnam,UCLOUD INFORMATION TECHNOLOGY HK LIMITED,N/A,N/A
152.32.250.36,1,3,Vietnam,UCLOUD INFORMATION TECHNOLOGY HK LIMITED,N/A,N/A
152.42.136.22,1,1,Netherlands,DigitalOcean; LLC,N/A,N/A
152.59.143.32,1,2,India,Reliance Jio Infocomm Limited,N/A,N/A
154.183.139.70,1,2,Egypt,TE Data,N/A,N/A
154.209.5.122,1,5,Hong Kong,YISU CLOUD LTD,N/A,N/A
154.219.103.140,1,10,Hong Kong,cognetcloud INC,N/A,N/A
154.242.64.154,1,1,Algeria,Telecom Algeria,N/A,N/A
154.57.217.14,1,1,Pakistan,Trans World Enterprise Services Private Limited,N/A,N/A
154.58.233.195,1,15,Hong Kong,QINIU Limited,N/A,N/A
155.138.134.177,1,23,Canada,The Constant Company; LLC,N/A,N/A
155.138.140.122,1,8,Canada,The Constant Company; LLC,N/A,N/A
155.138.151.142,1,15,Canada,The Constant Company; LLC,N/A,N/A
156.229.16.142,1,3,Russia,UCLOUD INFORMATION TECHNOLOGY HK LIMITED,N/A,N/A
156.67.81.164,1,1,Germany,Contabo GmbH,N/A,N/A
157.245.36.141,1,7,United Kingdom,DigitalOcean; LLC,N/A,N/A
158.94.211.21,1,16,United States,Omegatech LTD,N/A,N/A
159.223.196.229,1,12,United States,DigitalOcean; LLC,N/A,N/A
159.65.120.95,1,7,Germany,DigitalOcean; LLC,N/A,N/A
159.89.14.5,1,41,Germany,DigitalOcean; LLC,N/A,N/A
160.177.175.30,1,1,Morocco,MT-MPLS,N/A,N/A
160.177.82.15,1,1,Morocco,MT-MPLS,N/A,N/A
160.202.231.64,1,1,China,Hubei Feixun Network Co.; Ltd,N/A,N/A
161.35.25.112,1,12,Germany,DigitalOcean; LLC,N/A,N/A
161.35.90.20,1,9,Netherlands,DigitalOcean; LLC,N/A,N/A
161.97.89.137,1,3,France,Contabo GmbH,N/A,N/A
162.216.142.81,1,1,India,K Net Solutions Pvt Ltd,N/A,N/A
162.243.160.29,1,12,United States,DigitalOcean; LLC,N/A,N/A
162.243.72.9,1,7,United States,DigitalOcean; LLC,N/A,N/A
163.176.167.78,1,6,Brazil,Oracle Corporation,N/A,N/A
163.7.3.26,1,5,Indonesia,Byteplus Pte. Ltd.,N/A,N/A
163.7.6.154,1,3,Indonesia,Byteplus Pte. Ltd.,N/A,N/A
164.68.126.198,1,1,France,Contabo GmbH,N/A,N/A
164.90.181.8,1,41,Germany,DigitalOcean; LLC,N/A,N/A
164.92.176.166,1,12,Germany,DigitalOcean; LLC,N/A,N/A
165.154.134.156,1,3,United States,UCLOUD INFORMATION TECHNOLOGY HK LIMITED,N/A,N/A
165.154.206.35,1,5,United States,Scloud Pte Ltd,N/A,N/A
165.154.227.162,1,10,Taiwan,Scloud Pte Ltd,N/A,N/A
165.154.32.235,1,3,Philippines,UCLOUD INFORMATION TECHNOLOGY HK LIMITED,N/A,N/A
165.22.170.201,1,34,United States,DigitalOcean; LLC,N/A,N/A
165.22.212.186,1,7,India,DigitalOcean; LLC,N/A,N/A
165.227.129.202,1,43,Germany,DigitalOcean; LLC,N/A,N/A
165.232.182.82,1,65,India,DigitalOcean; LLC,N/A,N/A
165.232.87.222,1,67,The Netherlands,DigitalOcean; LLC,N/A,N/A
167.172.105.145,1,41,Germany,DigitalOcean; LLC,N/A,N/A
167.172.140.130,1,7,United States,DigitalOcean; LLC,N/A,N/A
167.172.35.200,1,59,Netherlands,DigitalOcean; LLC,N/A,N/A
167.63.204.154,1,1,Uruguay,Administracion Nacional de Telecomunicaciones,N/A,N/A
167.99.141.235,1,12,Germany,DigitalOcean; LLC,N/A,N/A
170.64.131.149,1,7,Australia,DigitalOcean; LLC,N/A,N/A
170.64.133.21,1,7,Australia,DigitalOcean; LLC,N/A,N/A
170.64.146.38,1,7,Australia,DigitalOcean; LLC,N/A,N/A
170.64.180.248,1,12,Australia,DigitalOcean; LLC,N/A,N/A
171.22.30.234,1,8,Netherlands,Baykov Ilya Sergeevich,N/A,N/A
171.231.176.139,1,50,Vietnam,Viettel Group,N/A,N/A
171.231.176.220,1,49,Vietnam,Viettel Group,N/A,N/A
171.231.177.87,1,32,Vietnam,Viettel Group,N/A,N/A
171.231.177.98,1,129,Vietnam,Viettel Group,N/A,N/A
171.231.187.26,1,93,Vietnam,Viettel Group,N/A,N/A
171.231.191.251,1,5,Vietnam,Viettel Group,N/A,N/A
171.231.193.2,1,142,Vietnam,Viettel Group,N/A,N/A
171.231.199.245,1,75,Vietnam,Viettel Group,N/A,N/A
171.244.61.137,1,6,Vietnam,CHT Compamy Ltd,N/A,N/A
171.80.15.170,1,1,China,China Telecom,N/A,N/A
171.96.229.167,1,2,Thailand,True Online,N/A,N/A
171.96.253.44,1,2,Thailand,True Online,N/A,N/A
172.183.89.36,1,5,United States,Microsoft Corporation,N/A,N/A
172.236.119.165,1,9,United States,Akamai Connected Cloud,N/A,N/A
172.245.106.196,1,5,United States,HostPapa,N/A,N/A
172.245.195.18,1,1,United States,HostPapa,N/A,N/A
172.248.47.114,1,6,United States,Charter Communications Inc,N/A,N/A
173.255.229.151,1,1,United States,Akamai Connected Cloud,N/A,N/A
174.138.32.102,1,115,United States,DigitalOcean; LLC,N/A,N/A
174.66.113.103,1,2,United States,Cox Communications Inc.,N/A,N/A
175.175.76.212,1,11,China,CHINA UNICOM China169 Backbone,N/A,N/A
176.215.199.70,1,1,Russia,JSC ER-Telecom Holding,N/A,N/A
176.241.136.54,1,2,Ukraine,Private Joint Stock Company datagroup,N/A,N/A
176.65.132.210,1,29,Germany,Pfcloud UG (haftungsbeschrankt),N/A,N/A
176.65.148.80,1,5,The Netherlands,Pfcloud UG (haftungsbeschrankt),N/A,N/A
177.10.108.233,1,1,Brazil,UNIFIQUE TELECOMUNICACOES SA,N/A,N/A
177.12.98.174,1,1,Brazil,NETLINE TELECOM,N/A,N/A
177.128.225.50,1,7,Brazil,HZ TELECOMUNICACOES E INFORMATICA LTDA,N/A,N/A
177.145.21.87,1,1,Brazil,TELEFONICA BRASIL S.A,N/A,N/A
177.207.248.5,1,6,Brazil,TELEFONICA BRASIL S.A,N/A,N/A
177.253.115.130,1,11,Colombia,Colombia Movil,N/A,N/A
177.7.30.146,1,6,Brazil,V tal,N/A,N/A
178.128.57.150,1,7,Singapore,DigitalOcean; LLC,N/A,N/A
178.132.106.158,1,5,France,Datacamp Limited,N/A,N/A
178.132.106.163,1,1,France,Datacamp Limited,N/A,N/A
178.132.106.164,1,27,France,Datacamp Limited,N/A,N/A
178.132.107.174,1,5,France,PacketHub S.A.,N/A,N/A
178.153.32.145,1,1,Qatar,Ooredoo Q.S.C.,N/A,N/A
178.155.104.167,1,4,Russia,MTS PJSC,N/A,N/A
178.178.194.134,1,6,Russia,PJSC MegaFon,N/A,N/A
178.178.222.53,1,6,Russia,PJSC MegaFon,N/A,N/A
178.183.110.215,1,6,Poland,T-Mobile Polska S.A.,N/A,N/A
178.185.129.2,1,2,Russia,Rostelecom,N/A,N/A
178.206.17.171,1,2,Russia,Pjsc tattelecom,N/A,N/A
178.216.3.106,1,2,Ukraine,CHKS LLC,N/A,N/A
178.249.211.80,1,5,Italy,Datacamp Limited,N/A,N/A
178.62.243.162,1,7,Netherlands,DigitalOcean; LLC,N/A,N/A
178.91.94.146,1,2,Kazakhstan,JSC Kazakhtelecom,N/A,N/A
179.0.232.229,1,5,Argentina,COOPERATIVAS DE CALAMUCHITA - CONSORCIO DE COOPERACION,N/A,N/A
179.185.29.233,1,6,Brazil,TELEFONICA BRASIL S.A,N/A,N/A
179.51.196.10,1,1,Brazil,FORTINET TELECOMUNICACOES EIRELI,N/A,N/A
18.97.19.214,1,2,United States,Amazon.com; Inc.,N/A,N/A
18.97.26.25,1,1,United States,Amazon.com; Inc.,N/A,N/A
18.97.5.118,1,1,United States,Amazon.com; Inc.,N/A,N/A
18.97.5.24,1,1,United States,Amazon.com; Inc.,N/A,N/A
180.101.147.54,1,5,China,Chinanet,N/A,N/A
180.103.119.98,1,5,China,Chinanet,N/A,N/A
180.106.83.59,1,5,China,Chinanet,N/A,N/A
180.166.162.78,1,6,China,China Telecom Group,N/A,N/A
180.166.235.226,1,2,China,China Telecom Group,N/A,N/A
180.168.60.146,1,6,China,China Telecom Group,N/A,N/A
180.184.160.246,1,13,China,China Telecom Group,N/A,N/A
180.184.31.196,1,12,China,Beijing Volcano Engine Technology Co.; Ltd.,N/A,N/A
180.184.82.249,1,5,China,Beijing Volcano Engine Technology Co.; Ltd.,N/A,N/A
180.213.44.242,1,5,China,ASN for TIANJIN Provincial Net of CT,N/A,N/A
180.242.129.251,1,2,Indonesia,PT Telekomunikasi Indonesia,N/A,N/A
180.245.99.142,1,1,Indonesia,PT Telekomunikasi Indonesia,N/A,N/A
180.248.196.189,1,7,Indonesia,PT Telekomunikasi Indonesia,N/A,N/A
180.253.178.76,1,7,Indonesia,PT Telekomunikasi Indonesia,N/A,N/A
180.71.9.31,1,6,South Korea,SK Broadband Co Ltd,N/A,N/A
180.76.52.146,1,6,China,Beijing Baidu Netcom Science and Technology Co.; Ltd.,N/A,N/A
180.76.57.208,1,5,China,Beijing Baidu Netcom Science and Technology Co.; Ltd.,N/A,N/A
180.76.98.164,1,10,China,Beijing Baidu Netcom Science and Technology Co.; Ltd.,N/A,N/A
180.94.74.94,1,6,Afghanistan,AFGHANTELECOM GOVERNMENT COMMUNICATION NETWORK,N/A,N/A
181.114.143.79,1,6,Argentina,Cotesma,N/A,N/A
181.13.190.38,1,1,Argentina,Telecom Argentina S.A.,N/A,N/A
181.188.149.243,1,6,Bolivia,Telefonica Celular de Bolivia S.A.,N/A,N/A
181.232.181.64,1,2,Venezuela,CONEXT VENEZUELA; C.A.,N/A,N/A
181.233.91.170,1,2,Venezuela,COLNETWORK C.A.,N/A,N/A
181.233.91.174,1,4,Venezuela,COLNETWORK C.A.,N/A,N/A
182.10.129.125,1,7,Indonesia,PT. Telekomunikasi Selular,N/A,N/A
182.10.129.241,1,2,Indonesia,PT. Telekomunikasi Selular,N/A,N/A
182.11.154.185,1,2,Indonesia,PT. Telekomunikasi Selular,N/A,N/A
182.151.45.136,1,6,China,CHINANET SiChuan Telecom Internet Data Center,N/A,N/A
182.16.181.107,1,7,Indonesia,PT iForte Global Internet,N/A,N/A
182.180.159.211,1,7,Pakistan,Pakistan Telecommunication Company Limited,N/A,N/A
182.187.140.93,1,1,Pakistan,Pakistan Telecommunication Company Limited,N/A,N/A
182.253.232.73,1,2,Indonesia,BIZNET NETWORKS,N/A,N/A
182.253.37.34,1,4,Indonesia,BIZNET NETWORKS,N/A,N/A
182.73.164.228,1,6,India,BHARTI Airtel Ltd.,N/A,N/A
182.75.197.174,1,6,India,BHARTI Airtel Ltd.,N/A,N/A
182.76.8.150,1,7,India,BHARTI Airtel Ltd.,N/A,N/A
182.78.240.94,1,6,India,BHARTI Airtel Ltd.,N/A,N/A
182.8.182.98,1,2,Indonesia,PT. Telekomunikasi Selular,N/A,N/A
182.8.227.18,1,7,Indonesia,PT. Telekomunikasi Selular,N/A,N/A
182.86.126.191,1,14,China,Chinanet,N/A,N/A
183.101.61.86,1,3,South Korea,Korea Telecom,N/A,N/A
183.11.127.73,1,12,China,Chinanet,N/A,N/A
183.128.234.232,1,11,China,Chinanet,N/A,N/A
183.201.208.25,1,5,China,IDC ShanXi China Mobile communications corporation,N/A,N/A
183.207.186.22,1,5,China,China Mobile communications corporation,N/A,N/A
183.82.97.80,1,6,India,Atria Convergence Technologies Ltd.,N/A,N/A
185.108.209.231,1,1,Russia,ASARTA LLC,N/A,N/A
185.147.212.247,1,1,France,Strong Technology; LLC.,N/A,N/A
185.156.46.131,1,7,United States,Datacamp Limited,N/A,N/A
185.181.18.51,1,7,Ukraine,Altair Mega LLC,N/A,N/A
185.2.228.48,1,6,Lithuania,Tele2 SWIPnet,N/A,N/A
185.217.188.132,1,1,Kazakhstan,Optinet LLP,N/A,N/A
185.226.197.10,1,9,Portugal,Zenlayer Inc,N/A,N/A
185.226.197.37,1,1,Portugal,Zenlayer Inc,N/A,N/A
185.226.197.43,1,9,Portugal,Zenlayer Inc,N/A,N/A
185.246.128.171,1,5,Sweden,w1n ltd,N/A,N/A
185.247.184.146,1,3,Italy,Global Connectivity Solutions Llp,N/A,N/A
185.252.232.247,1,3,France,Contabo GmbH,N/A,N/A
185.255.47.190,1,6,Iraq,Valeen for General trading; Internet Services and Information Technology / Ltd,N/A,N/A
185.65.134.203,1,7,The Netherlands,31173 Services AB,N/A,N/A
185.66.225.126,1,1,Iran,Pooya Parto Qeshm Cooperative Company,N/A,N/A
185.69.125.181,1,9,Russia,Rial Com JSC,N/A,N/A
185.98.165.35,1,1,Italy,Teleimpianti Srl,N/A,N/A
186.1.167.92,1,1,Colombia,Dialnet de Colombia S.A. E.S.P.,N/A,N/A
186.103.136.43,1,6,Chile,TELEFONICA EMPRESAS CHILE SA,N/A,N/A
186.125.192.178,1,5,Argentina,Telecom Argentina S.A.,N/A,N/A
186.201.54.90,1,6,Brazil,TELEFONICA BRASIL S.A,N/A,N/A
186.215.204.109,1,6,Brazil,TELEFONICA BRASIL S.A,N/A,N/A
187.126.105.42,1,6,Brazil,V tal,N/A,N/A
187.134.21.245,1,1,Mexico,UNINET,N/A,N/A
187.175.18.251,1,1,Mexico,UNINET,N/A,N/A
187.183.192.12,1,3,Brazil,Claro NXT Telecomunicacoes Ltda,N/A,N/A
187.195.222.209,1,1,Mexico,UNINET,N/A,N/A
187.200.253.23,1,1,Mexico,UNINET,N/A,N/A
187.251.199.42,1,2,Mexico,TOTAL PLAY TELECOMUNICACIONES SA DE CV,N/A,N/A
187.251.209.235,1,7,Mexico,TOTAL PLAY TELECOMUNICACIONES SA DE CV,N/A,N/A
187.49.63.73,1,4,Brazil,SCM EVOLUTT CONNECT LTDA,N/A,N/A
187.8.3.230,1,6,Brazil,TELEFONICA BRASIL S.A,N/A,N/A
188.213.199.188,1,1,Iran,Noyan Abr Arvan Co. ( Private Joint Stock),N/A,N/A
188.226.132.113,1,5,Netherlands,DigitalOcean; LLC,N/A,N/A
188.235.129.36,1,4,Russia,JSC ER-Telecom Holding,N/A,N/A
188.252.188.218,1,1,Croatia,A1 Hrvatska d.o.o.,N/A,N/A
188.43.204.45,1,6,Russia,Joint Stock Company TransTeleCom,N/A,N/A
188.54.6.162,1,1,Saudi Arabia,Saudi Telecom Company JSC,N/A,N/A
189.143.130.81,1,1,Mexico,UNINET,N/A,N/A
189.143.166.194,1,1,Mexico,UNINET,N/A,N/A
189.150.12.145,1,1,Mexico,UNINET,N/A,N/A
189.150.74.173,1,1,Mexico,UNINET,N/A,N/A
189.157.248.149,1,1,Mexico,UNINET,N/A,N/A
189.174.244.193,1,1,Mexico,UNINET,N/A,N/A
189.190.173.65,1,2,Mexico,UNINET,N/A,N/A
189.232.40.237,1,1,Mexico,UNINET,N/A,N/A
189.239.122.25,1,1,Mexico,UNINET,N/A,N/A
189.89.9.246,1,1,Brazil,JUPITER PROVEDOR DE INTERNET LTDA,N/A,N/A
189.90.39.210,1,1,Brazil,Jupiter Telecomunicacoes e Informatica Ltda,N/A,N/A
190.148.107.110,1,1,Guatemala,TELECOMUNICACIONES DE GUATEMALA; SOCIEDAD ANONIMA,N/A,N/A
190.149.113.86,1,6,Guatemala,TELECOMUNICACIONES DE GUATEMALA; SOCIEDAD ANONIMA,N/A,N/A
190.153.101.134,1,1,Venezuela,Net Uno; C.A.,N/A,N/A
190.165.144.32,1,1,Colombia,UNE EPM TELECOMUNICACIONES S.A.,N/A,N/A
190.181.141.78,1,1,Nicaragua,Yota De Nicaragua,N/A,N/A
190.202.4.238,1,2,Venezuela,CANTV Servicios; Venezuela,N/A,N/A
190.223.36.108,1,6,Peru,America Movil Peru S.A.C.,N/A,N/A
190.239.208.229,1,1,Peru,INTEGRATEL PERU S.A.A.,N/A,N/A
190.239.208.97,1,1,Peru,INTEGRATEL PERU S.A.A.,N/A,N/A
190.56.162.181,1,6,Guatemala,TELECOMUNICACIONES DE GUATEMALA; SOCIEDAD ANONIMA,N/A,N/A
190.71.34.210,1,180,Colombia,UNE EPM TELECOMUNICACIONES S.A.,N/A,N/A
190.72.56.240,1,4,Venezuela,CANTV Servicios; Venezuela,N/A,N/A
191.243.50.122,1,1,Brazil,INFOSERVIC INFORMATICA TELECOMUNICACAO LTDA,N/A,N/A
191.96.11.36,1,3,Netherlands,Wojciech Czapkowicz,N/A,N/A
192.109.200.220,1,225,Sweden,Pfcloud UG (haftungsbeschrankt),N/A,N/A
192.210.254.30,1,15,United States,HostPapa,N/A,N/A
192.222.193.230,1,6,Canada,EBOX,N/A,N/A
192.249.53.215,1,2,Mexico,BLUEZONE INTERNET INC,N/A,N/A
193.160.101.19,1,2,Finland,PacketHub S.A.,N/A,N/A
193.160.101.24,1,1,Finland,PacketHub S.A.,N/A,N/A
193.160.101.28,1,3,Finland,PacketHub S.A.,N/A,N/A
193.160.101.32,1,9,Finland,PacketHub S.A.,N/A,N/A
193.221.201.77,1,9,Russia,Partner Hosting LTD,N/A,N/A
194.163.179.201,1,1,France,Contabo GmbH,N/A,N/A
194.186.37.103,1,7,Russia,PVimpelCom,N/A,N/A
194.44.213.105,1,2,Ukraine,LLC Eksintech,N/A,N/A
194.44.71.73,1,9,Ukraine,LLC Eksintech,N/A,N/A
194.85.69.22,1,6,Russia,Letit LLC,N/A,N/A
195.112.230.3,1,1,Russia,Rostelecom,N/A,N/A
195.154.82.146,1,5,France,Scaleway S.a.s.,N/A,N/A
195.174.41.66,1,1,Türkiye,Turk Telekom,N/A,N/A
195.200.244.42,1,9,Ukraine,PP IF-IX,N/A,N/A
195.218.159.123,1,6,Russia,PVimpelCom,N/A,N/A
195.26.81.58,1,1,Ukraine,CrimeaCom South LLC,N/A,N/A
196.1.229.147,1,1,Sudan,Sudatel,N/A,N/A
196.202.72.15,1,12,Egypt,TE Data,N/A,N/A
196.202.8.240,1,1,Egypt,TE Data,N/A,N/A
196.70.151.45,1,2,Morocco,MT-MPLS,N/A,N/A
197.52.116.205,1,1,Egypt,TE Data,N/A,N/A
2.50.155.138,1,1,United Arab Emirates,Emirates Telecommunications Group Company (etisalat Group) Pjsc,N/A,N/A
2.54.85.220,1,6,Israel,Partner Communications Ltd.,N/A,N/A
2.55.70.26,1,6,Israel,Partner Communications Ltd.,N/A,N/A
2.74.192.203,1,6,Kazakhstan,Kcell JSC,N/A,N/A
20.121.49.179,1,1,United States,Microsoft Corporation,N/A,N/A
20.123.45.106,1,1,Ireland,Microsoft Corporation,N/A,N/A
20.223.168.112,1,1,Ireland,Microsoft Corporation,N/A,N/A
20.42.84.49,1,1,United States,Microsoft Corporation,N/A,N/A
200.170.249.78,1,2,Brazil,Telium Telecomunicacoes Ltda,N/A,N/A
201.108.27.49,1,2,Mexico,UNINET,N/A,N/A
201.149.53.243,1,6,Mexico,Megacable Comunicaciones de Mexico; S.A. de C.V.,N/A,N/A
201.209.221.51,1,7,Venezuela,CANTV Servicios; Venezuela,N/A,N/A
201.238.213.108,1,1,Chile,Gtd Internet S.A.,N/A,N/A
201.243.58.211,1,7,Venezuela,CANTV Servicios; Venezuela,N/A,N/A
201.249.66.254,1,4,Venezuela,CANTV Servicios; Venezuela,N/A,N/A
201.249.69.50,1,7,Venezuela,CANTV Servicios; Venezuela,N/A,N/A
201.27.236.113,1,1,Brazil,TELEFONICA BRASIL S.A,N/A,N/A
202.125.100.34,1,2,Indonesia,PT Starlink Services Indonesia,N/A,N/A
202.162.205.249,1,7,Indonesia,PT Mandala Lintas Nusa,N/A,N/A
202.169.231.172,1,7,Indonesia,PT. Sarana InsanMuda Selaras,N/A,N/A
202.46.71.254,1,2,Indonesia,PT INDONESIA COMNETS PLUS,N/A,N/A
202.56.3.140,1,1,Cambodia,SMART AXIATA Co.; Ltd.,N/A,N/A
202.58.78.198,1,7,Indonesia,PT Data Buana Nusantara,N/A,N/A
202.69.48.187,1,7,Pakistan,GERRYS INFORMATION TECHNOLOGY PVT LTD.,N/A,N/A
202.70.72.61,1,7,Nepal,Nepal Telecommunications Corporation; Internet Services,N/A,N/A
202.79.49.62,1,2,Nepal,WorldLink Communications Pvt Ltd,N/A,N/A
203.110.233.225,1,7,China,CHINANET Nanjing Jishan IDC network,N/A,N/A
203.128.8.88,1,1,Pakistan,Brain Telecommunication Ltd.,N/A,N/A
203.189.195.8,1,5,China,Cloud Computing Corporation,N/A,N/A
203.210.85.249,1,7,Indonesia,PT. Cemerlang Multimedia,N/A,N/A
203.217.140.27,1,122,Indonesia,Universitas Terbuka,N/A,N/A
204.216.190.165,1,6,Brazil,Oracle Corporation,N/A,N/A
204.76.203.207,1,38,The Netherlands,Pfcloud UG (haftungsbeschrankt),N/A,N/A
206.189.186.144,1,12,United States,DigitalOcean; LLC,N/A,N/A
206.81.27.178,1,41,Germany,DigitalOcean; LLC,N/A,N/A
207.178.215.219,1,1,United States,Key Information Systems; Inc.,N/A,N/A
207.180.242.86,1,10,France,Contabo GmbH,N/A,N/A
209.126.80.220,1,122,United States,Contabo Inc.,N/A,N/A
209.38.25.93,1,7,Australia,DigitalOcean; LLC,N/A,N/A
209.38.93.11,1,7,Australia,DigitalOcean; LLC,N/A,N/A
209.97.168.28,1,5,Singapore,DigitalOcean; LLC,N/A,N/A
210.0.90.81,1,6,Australia,AAPT Limited,N/A,N/A
210.1.225.22,1,8,Malaysia,TechAvenue Malaysia,N/A,N/A
210.105.67.198,1,11,South Korea,Korea Telecom,N/A,N/A
210.196.200.19,1,3,Japan,KDDI CORPORATION,N/A,N/A
210.206.24.234,1,2,South Korea,LG DACOM Corporation,N/A,N/A
210.4.68.73,1,6,Bangladesh,BDCOM Online Limited,N/A,N/A
210.87.90.218,1,2,Indonesia,PT. Eka Mas Republik,N/A,N/A
211.154.25.191,1,1,China,Hubei Feixun Network Co.; Ltd,N/A,N/A
212.100.67.239,1,2,Nigeria,CYBERSPACE-AS Autonomous System number for Cyber Space,N/A,N/A
212.14.247.121,1,2,Palestine,Palestine Telecommunications Company (PALTEL),N/A,N/A
212.156.75.110,1,1,Türkiye,Turk Telekom,N/A,N/A
212.227.79.93,1,5,France,IONOS SE,N/A,N/A
212.42.116.161,1,2,Kyrgyzstan,ElCat Ltd.,N/A,N/A
212.90.184.150,1,2,Ukraine,LLC ukrcom,N/A,N/A
213.55.85.204,1,6,Ethiopia,Ethiopian Telecommunication Corporation,N/A,N/A
216.132.133.72,1,15,United States,Bunny Communications,N/A,N/A
216.218.206.66,1,7,United States,Hurricane Electric LLC,N/A,N/A
217.209.97.102,1,6,Sweden,Telia Company AB,N/A,N/A
217.24.177.6,1,11,Russia,INSYS LLC,N/A,N/A
217.54.70.10,1,1,Egypt,Etisalat Misr,N/A,N/A
217.76.44.36,1,1,Russia,OOO NIIR-RadioNet,N/A,N/A
218.103.205.196,1,6,Hong Kong,HKT Limited,N/A,N/A
218.15.28.139,1,2,China,Chinanet,N/A,N/A
218.155.198.253,1,7,South Korea,Korea Telecom,N/A,N/A
218.203.203.69,1,6,China,China Mobile Communications Group Co.; Ltd.,N/A,N/A
218.21.174.134,1,11,China,CHINA UNICOM China169 Backbone,N/A,N/A
218.21.83.101,1,12,China,Chinanet,N/A,N/A
218.236.202.161,1,1,South Korea,SK Broadband Co Ltd,N/A,N/A
218.245.1.252,1,5,China,China Networks Inter-Exchange,N/A,N/A
218.3.96.67,1,13,China,Chinanet,N/A,N/A
218.4.179.173,1,10,China,Chinanet,N/A,N/A
218.74.140.11,1,11,China,Chinanet,N/A,N/A
218.78.46.81,1,5,China,China Telecom Group,N/A,N/A
218.78.58.242,1,5,China,China Telecom Group,N/A,N/A
219.129.232.127,1,2,China,Chinanet,N/A,N/A
219.151.181.107,1,12,China,Chongqing Telecom,N/A,N/A
219.152.170.58,1,5,China,Chongqing Telecom,N/A,N/A
219.152.230.125,1,5,China,Chongqing Telecom,N/A,N/A
219.74.205.181,1,2,Singapore,Singtel Fibre Broadband,N/A,N/A
220.122.115.9,1,6,South Korea,Korea Telecom,N/A,N/A
220.169.100.15,1,6,China,Chinanet,N/A,N/A
220.171.45.202,1,2,China,Chinanet,N/A,N/A
220.176.131.113,1,12,China,Chinanet,N/A,N/A
220.247.247.150,1,1,Sri Lanka,Sri Lanka Telecom Internet,N/A,N/A
221.14.219.220,1,12,China,CHINA UNICOM China169 Backbone,N/A,N/A
222.114.156.250,1,8,South Korea,Korea Telecom,N/A,N/A
222.124.14.234,1,6,Indonesia,PT Telekomunikasi Indonesia,N/A,N/A
222.124.205.34,1,7,Indonesia,PT Telekomunikasi Indonesia,N/A,N/A
222.86.168.224,1,6,China,Chinanet,N/A,N/A
223.108.130.37,1,11,China,China Mobile communications corporation,N/A,N/A
223.185.38.35,1,1,India,Bharti Airtel Ltd.; Telemedia Services,N/A,N/A
223.221.38.226,1,10,China,Qinghai Telecom,N/A,N/A
223.73.217.163,1,2,China,China Mobile Communications Group Co.; Ltd.,N/A,N/A
223.82.92.114,1,6,China,China Mobile communications corporation,N/A,N/A
23.146.236.246,1,2,United States,QXN CUSTOMERS SOCIETY,N/A,N/A
23.160.56.119,1,30,United States,FiberState; LLC,N/A,N/A
23.95.106.10,1,5,United States,HostPapa,N/A,N/A
24.187.213.29,1,6,United States,Cablevision Systems Corp.,N/A,N/A
27.128.175.119,1,10,China,Chinanet,N/A,N/A
27.155.77.16,1,6,China,Fuzhou,N/A,N/A
27.155.77.43,1,5,China,Fuzhou,N/A,N/A
27.29.180.99,1,12,China,Chinanet,N/A,N/A
27.71.231.157,1,5,Vietnam,CHT Compamy Ltd,N/A,N/A
27.79.2.29,1,72,Vietnam,Viettel Group,N/A,N/A
27.79.4.241,1,127,Vietnam,Viettel Group,N/A,N/A
27.79.41.14,1,130,Vietnam,Viettel Group,N/A,N/A
27.79.41.50,1,147,Vietnam,Viettel Group,N/A,N/A
27.79.41.62,1,10,Vietnam,Viettel Group,N/A,N/A
27.79.41.94,1,139,Vietnam,Viettel Group,N/A,N/A
27.79.43.110,1,131,Vietnam,Viettel Group,N/A,N/A
27.79.43.66,1,147,Vietnam,Viettel Group,N/A,N/A
27.79.44.23,1,77,Vietnam,Viettel Group,N/A,N/A
3.65.173.9,1,1,Germany,Amazon.com; Inc.,N/A,N/A
31.173.2.182,1,6,Russia,PJSC MegaFon,N/A,N/A
31.173.66.222,1,6,Russia,PJSC MegaFon,N/A,N/A
31.182.57.86,1,1,Poland,Toya sp.z.o.o,N/A,N/A
31.204.218.20,1,2,Montenegro,Crnogorski Telekom a.d.Podgorica,N/A,N/A
31.223.4.170,1,1,Türkiye,TurkNet Iletisim Hizmetleri A.S.,N/A,N/A
31.58.137.200,1,3,Finland,Cgi Global Limited,N/A,N/A
31.58.236.217,1,1,Türkiye,Alperen Karabiyik,N/A,N/A
34.14.118.150,1,1,Belgium,Google LLC,N/A,N/A
34.14.120.151,1,9,Belgium,Google LLC,N/A,N/A
34.14.44.94,1,9,Belgium,Google LLC,N/A,N/A
34.14.49.48,1,9,Belgium,Google LLC,N/A,N/A
34.140.135.10,1,2,Belgium,Google LLC,N/A,N/A
34.140.188.44,1,2,Belgium,Google LLC,N/A,N/A
34.140.27.165,1,10,Belgium,Google LLC,N/A,N/A
34.140.62.89,1,9,Belgium,Google LLC,N/A,N/A
34.140.92.201,1,1,Belgium,Google LLC,N/A,N/A
34.22.159.119,1,8,Belgium,Google LLC,N/A,N/A
34.22.188.10,1,10,Belgium,Google LLC,N/A,N/A
34.29.185.145,1,1,United States,Google LLC,N/A,N/A
34.34.132.221,1,1,Belgium,Google LLC,N/A,N/A
34.34.133.17,1,1,Belgium,Google LLC,N/A,N/A
34.38.53.187,1,2,Belgium,Google LLC,N/A,N/A
34.53.160.32,1,9,Belgium,Google LLC,N/A,N/A
34.53.162.177,1,2,Belgium,Google LLC,N/A,N/A
34.53.251.190,1,2,Belgium,Google LLC,N/A,N/A
34.62.151.62,1,2,Belgium,Google LLC,N/A,N/A
34.62.183.110,1,10,Belgium,Google LLC,N/A,N/A
34.76.111.153,1,1,Belgium,Google LLC,N/A,N/A
34.76.240.57,1,9,Belgium,Google LLC,N/A,N/A
34.76.39.109,1,2,Belgium,Google LLC,N/A,N/A
34.76.99.103,1,10,Belgium,Google LLC,N/A,N/A
34.77.177.64,1,2,Belgium,Google LLC,N/A,N/A
34.77.236.158,1,2,Belgium,Google LLC,N/A,N/A
34.77.254.200,1,9,Belgium,Google LLC,N/A,N/A
34.78.248.18,1,9,Belgium,Google LLC,N/A,N/A
34.78.50.157,1,1,Belgium,Google LLC,N/A,N/A
34.79.111.19,1,10,Belgium,Google LLC,N/A,N/A
34.79.131.45,1,9,Belgium,Google LLC,N/A,N/A
34.79.174.85,1,9,Belgium,Google LLC,N/A,N/A
34.79.177.120,1,2,Belgium,Google LLC,N/A,N/A
34.79.242.140,1,8,Belgium,Google LLC,N/A,N/A
34.79.80.71,1,2,Belgium,Google LLC,N/A,N/A
34.90.113.219,1,17,Netherlands,Google LLC,N/A,N/A
34.93.191.230,1,1,India,Google LLC,N/A,N/A
35.187.114.229,1,1,Belgium,Google LLC,N/A,N/A
35.187.19.246,1,9,Belgium,Google LLC,N/A,N/A
35.189.209.175,1,9,Belgium,Google LLC,N/A,N/A
35.195.17.170,1,2,Belgium,Google LLC,N/A,N/A
35.195.221.45,1,1,Belgium,Google LLC,N/A,N/A
35.195.38.236,1,9,Belgium,Google LLC,N/A,N/A
35.195.49.148,1,9,Belgium,Google LLC,N/A,N/A
35.195.74.2,1,9,Belgium,Google LLC,N/A,N/A
35.233.42.65,1,1,Belgium,Google LLC,N/A,N/A
35.240.0.23,1,9,Belgium,Google LLC,N/A,N/A
35.240.126.243,1,1,Belgium,Google LLC,N/A,N/A
35.240.92.5,1,2,Belgium,Google LLC,N/A,N/A
35.241.178.95,1,9,Belgium,Google LLC,N/A,N/A
35.241.231.218,1,10,Belgium,Google LLC,N/A,N/A
35.241.242.137,1,10,Belgium,Google LLC,N/A,N/A
35.243.68.66,1,6,Japan,Google LLC,N/A,N/A
36.110.49.149,1,6,China,China Networks Inter-Exchange,N/A,N/A
36.111.171.126,1,10,China,Cloud Computing Corporation,N/A,N/A
36.111.171.187,1,5,China,Cloud Computing Corporation,N/A,N/A
36.134.203.156,1,5,China,China Mobile Communications Group Co.; Ltd.,N/A,N/A
36.134.96.76,1,5,China,China Mobile communications corporation,N/A,N/A
36.141.79.94,1,5,China,China Mobile communications corporation,N/A,N/A
36.150.51.3,1,5,China,China Mobile communications corporation,N/A,N/A
36.154.134.146,1,6,China,China Mobile communications corporation,N/A,N/A
36.212.31.122,1,5,China,China Mobile Communications Group Co.; Ltd.,N/A,N/A
36.33.201.45,1,6,China,CHINA UNICOM China169 Backbone,N/A,N/A
36.35.146.0,1,5,China,CHINA UNICOM China169 Backbone,N/A,N/A
36.37.111.10,1,2,Indonesia,PT Aplikanusa Lintasarta,N/A,N/A
36.37.117.50,1,2,Indonesia,PT Aplikanusa Lintasarta,N/A,N/A
36.37.155.179,1,1,Cambodia,ISPIXP IN CAMBODIA WITH THE BEST VERVICE IN THERE.,N/A,N/A
36.49.0.66,1,12,China,Chinanet,N/A,N/A
36.64.103.19,1,7,Indonesia,PT Telekomunikasi Indonesia,N/A,N/A
36.64.30.151,1,6,Indonesia,PT Telekomunikasi Indonesia,N/A,N/A
36.65.96.154,1,7,Indonesia,PT Telekomunikasi Indonesia,N/A,N/A
36.68.108.19,1,2,Indonesia,PT Telekomunikasi Indonesia,N/A,N/A
36.72.194.84,1,7,Indonesia,PT Telekomunikasi Indonesia,N/A,N/A
36.72.198.209,1,7,Indonesia,PT Telekomunikasi Indonesia,N/A,N/A
36.73.189.127,1,2,Indonesia,PT Telekomunikasi Indonesia,N/A,N/A
36.74.112.182,1,7,Indonesia,PT Telekomunikasi Indonesia,N/A,N/A
36.80.24.88,1,2,Indonesia,PT Telekomunikasi Indonesia,N/A,N/A
36.80.27.60,1,4,Indonesia,PT Telekomunikasi Indonesia,N/A,N/A
36.84.50.63,1,7,Indonesia,PT Telekomunikasi Indonesia,N/A,N/A
36.88.16.31,1,1,Indonesia,PT Telekomunikasi Indonesia,N/A,N/A
36.89.252.106,1,5,Indonesia,PT Telekomunikasi Indonesia,N/A,N/A
36.89.62.181,1,7,Indonesia,PT Telekomunikasi Indonesia,N/A,N/A
36.90.84.68,1,4,Indonesia,PT Telekomunikasi Indonesia,N/A,N/A
36.92.240.142,1,1,Indonesia,PT Telekomunikasi Indonesia,N/A,N/A
36.92.32.151,1,2,Indonesia,PT Telekomunikasi Indonesia,N/A,N/A
36.93.154.207,1,6,Indonesia,PT Telekomunikasi Indonesia,N/A,N/A
36.95.138.90,1,1,Indonesia,PT Telekomunikasi Indonesia,N/A,N/A
36.95.16.251,1,2,Indonesia,PT Telekomunikasi Indonesia,N/A,N/A
36.99.165.30,1,10,China,Chinanet,N/A,N/A
37.239.47.202,1,1,Iraq,Hulum Almustakbal Company for Communication Engineering and Services Ltd,N/A,N/A
37.252.70.116,1,2,Armenia,Ucom CJSC,N/A,N/A
38.25.40.121,1,1,Peru,WI-NET TELECOM S.A.C.,N/A,N/A
38.41.5.109,1,7,Venezuela,MDS TELECOM C.A.,N/A,N/A
38.59.249.242,1,3,United States,Kirino LLC,N/A,N/A
38.76.218.105,1,3,United States,cognetcloud INC,N/A,N/A
39.152.6.7,1,13,China,China Mobile communications corporation,N/A,N/A
39.61.44.46,1,1,Pakistan,Pakistan Telecommunication Company Limited,N/A,N/A
39.61.48.179,1,2,Pakistan,Pakistan Telecommunication Company Limited,N/A,N/A
4.213.169.8,1,1,India,Microsoft Corporation,N/A,N/A
40.65.186.117,1,1,Singapore,Microsoft Corporation,N/A,N/A
41.111.128.195,1,5,Algeria,Telecom Algeria,N/A,N/A
41.141.85.117,1,1,Morocco,MT-MPLS,N/A,N/A
41.230.60.199,1,1,Tunisia,TOPNET,N/A,N/A
41.231.85.75,1,6,Tunisia,TOPNET,N/A,N/A
41.237.173.228,1,1,Egypt,TE Data,N/A,N/A
41.250.168.144,1,1,Morocco,MT-MPLS,N/A,N/A
41.251.1.85,1,1,Morocco,MT-MPLS,N/A,N/A
41.38.207.8,1,12,Egypt,TE Data,N/A,N/A
41.62.157.49,1,1,Tunisia,TOPNET,N/A,N/A
41.63.0.88,1,1,Zambia,ZAMREN,N/A,N/A
41.63.156.2,1,1,Madagascar,Orange Madagascar,N/A,N/A
42.116.111.158,1,46,Vietnam,FPT Telecom Company,N/A,N/A
42.234.92.169,1,5,China,CHINA UNICOM China169 Backbone,N/A,N/A
43.110.36.191,1,3,United States,Alibaba US Technology Co.; Ltd.,N/A,N/A
43.134.109.196,1,3,Singapore,Tencent Building; Kejizhongyi Avenue,N/A,N/A
43.142.73.22,1,10,China,Shenzhen Tencent Computer Systems Company Limited,N/A,N/A
43.153.175.90,1,5,Japan,Tencent Building; Kejizhongyi Avenue,N/A,N/A
43.156.144.65,1,15,Singapore,Tencent Building; Kejizhongyi Avenue,N/A,N/A
43.159.36.92,1,5,Singapore,Tencent Building; Kejizhongyi Avenue,N/A,N/A
43.225.164.6,1,1,India,Readylink Internet Services Limited,N/A,N/A
43.226.40.202,1,5,China,CHINANET Liaoning province Dalian MAN network,N/A,N/A
43.252.231.122,1,3,Hong Kong,Cloudie Limited,N/A,N/A
44.220.185.3,1,2,United States,Amazon.com; Inc.,N/A,N/A
44.220.188.162,1,2,United States,Amazon.com; Inc.,N/A,N/A
44.220.188.4,1,2,United States,Amazon.com; Inc.,N/A,N/A
45.10.155.67,1,3,France,PacketHub S.A.,N/A,N/A
45.10.155.73,1,1,France,PacketHub S.A.,N/A,N/A
45.142.154.106,1,5,Hong Kong,AGOTOZ PTE. LTD.,N/A,N/A
45.142.154.12,1,5,Hong Kong,AGOTOZ PTE. LTD.,N/A,N/A
45.142.154.39,1,5,Hong Kong,AGOTOZ PTE. LTD.,N/A,N/A
45.148.10.147,1,7,Netherlands,Techoff Srv Limited,N/A,N/A
45.153.34.117,1,51,The Netherlands,Pfcloud UG (haftungsbeschrankt),N/A,N/A
45.153.34.158,1,74,The Netherlands,Pfcloud UG (haftungsbeschrankt),N/A,N/A
45.170.50.2,1,6,Peru,INTEGRATEL PERU S.A.A.,N/A,N/A
45.174.242.246,1,12,Mexico,SISTEMAS Y SOLUCIONES DE CAMPECHE SAS DE CV,N/A,N/A
45.178.70.3,1,6,Argentina,ISP GROUP SRL,N/A,N/A
45.184.71.127,1,1,Brazil,CANAA TELECOMUNICACOES LTDA - ME,N/A,N/A
45.197.150.235,1,3,Hong Kong,Ansheng Network Technology Co.; Limited,N/A,N/A
45.249.245.88,1,3,Hong Kong,UCLOUD INFORMATION TECHNOLOGY HK LIMITED,N/A,N/A
45.249.246.82,1,5,Hong Kong,UCLOUD INFORMATION TECHNOLOGY HK LIMITED,N/A,N/A
45.43.37.254,1,3,Taiwan,UCLOUD INFORMATION TECHNOLOGY HK LIMITED,N/A,N/A
45.55.182.26,1,3,United States,DigitalOcean; LLC,N/A,N/A
45.64.74.56,1,5,Taiwan,Cloudie Limited,N/A,N/A
45.76.145.250,1,10,Singapore,The Constant Company; LLC,N/A,N/A
45.77.45.89,1,10,Singapore,The Constant Company; LLC,N/A,N/A
45.78.225.195,1,12,Singapore,Byteplus Pte. Ltd.,N/A,N/A
46.100.12.252,1,1,Iran,Iran Telecommunication Company PJS,N/A,N/A
46.101.87.19,1,7,United Kingdom,DigitalOcean; LLC,N/A,N/A
46.101.9.55,1,6,United Kingdom,DigitalOcean; LLC,N/A,N/A
46.151.182.184,1,1,Netherlands,Ghosty Networks LLC,N/A,N/A
46.151.182.185,1,1,Netherlands,Ghosty Networks LLC,N/A,N/A
46.151.242.210,1,6,Russia,LLC Multiservice,N/A,N/A
46.185.129.122,1,1,Jordan,Jordan Data Communications Company LLC,N/A,N/A
46.201.253.129,1,4,Ukraine,JSC Ukrtelecom,N/A,N/A
46.23.174.42,1,2,Finland,Lounea Palvelut Oy,N/A,N/A
46.238.40.52,1,6,Bulgaria,A1 Bulgaria EAD,N/A,N/A
46.30.161.197,1,6,Ukraine,Industrial Media Network LLC,N/A,N/A
46.48.69.223,1,6,Russia,LLC KomTehCentr,N/A,N/A
46.59.89.5,1,6,Sweden,Bahnhof AB,N/A,N/A
46.59.90.49,1,6,Sweden,Bahnhof AB,N/A,N/A
47.237.16.158,1,10,Singapore,Alibaba US Technology Co.; Ltd.,N/A,N/A
47.237.71.57,1,5,Singapore,Alibaba US Technology Co.; Ltd.,N/A,N/A
47.239.234.104,1,5,Hong Kong,Alibaba US Technology Co.; Ltd.,N/A,N/A
47.242.224.97,1,5,Hong Kong,Alibaba US Technology Co.; Ltd.,N/A,N/A
47.242.235.151,1,5,Hong Kong,Alibaba US Technology Co.; Ltd.,N/A,N/A
47.242.39.51,1,3,Hong Kong,Alibaba US Technology Co.; Ltd.,N/A,N/A
47.247.212.114,1,2,India,Reliance Jio Infocomm Limited,N/A,N/A
47.247.73.98,1,6,India,Reliance Jio Infocomm Limited,N/A,N/A
47.250.176.65,1,3,Malaysia,Alibaba US Technology Co.; Ltd.,N/A,N/A
47.251.112.198,1,5,United States,Alibaba US Technology Co.; Ltd.,N/A,N/A
47.251.77.62,1,3,United States,Alibaba US Technology Co.; Ltd.,N/A,N/A
47.252.33.216,1,3,United States,Alibaba US Technology Co.; Ltd.,N/A,N/A
47.252.52.152,1,7,United States,Alibaba US Technology Co.; Ltd.,N/A,N/A
47.253.1.169,1,3,United States,Alibaba US Technology Co.; Ltd.,N/A,N/A
47.253.141.144,1,3,United States,Alibaba US Technology Co.; Ltd.,N/A,N/A
47.253.183.81,1,3,United States,Alibaba US Technology Co.; Ltd.,N/A,N/A
47.254.234.203,1,3,Malaysia,Alibaba US Technology Co.; Ltd.,N/A,N/A
47.74.62.15,1,5,Japan,Alibaba US Technology Co.; Ltd.,N/A,N/A
47.77.235.208,1,10,United States,Alibaba US Technology Co.; Ltd.,N/A,N/A
47.83.9.39,1,5,Hong Kong,Alibaba US Technology Co.; Ltd.,N/A,N/A
47.88.76.228,1,3,United States,Alibaba US Technology Co.; Ltd.,N/A,N/A
49.0.207.246,1,5,Singapore,HUAWEI CLOUDS,N/A,N/A
49.0.71.118,1,5,Thailand,AIS Fibre,N/A,N/A
49.124.152.218,1,6,Malaysia,DiGi Telecommunications Sdn. Bhd.,N/A,N/A
49.124.152.247,1,6,Malaysia,DiGi Telecommunications Sdn. Bhd.,N/A,N/A
49.207.178.67,1,1,India,Atria Convergence Technologies Pvt. Ltd. Broadband Internet Service Provider INDIA,N/A,N/A
49.213.46.44,1,5,United Arab Emirates,Chain Cloud Information Technology LLC,N/A,N/A
49.228.88.33,1,5,Thailand,AIS Fibre,N/A,N/A
49.37.109.0,1,1,India,Reliance Jio Infocomm Limited,N/A,N/A
49.64.169.153,1,18,China,Chinanet,N/A,N/A
49.64.86.110,1,5,China,Chinanet,N/A,N/A
49.83.156.31,1,12,China,Chinanet,N/A,N/A
5.189.154.130,1,5,France,Contabo GmbH,N/A,N/A
5.252.155.246,1,8,Germany,MHost LLC,N/A,N/A
5.48.46.95,1,6,France,Bouygues Telecom SA,N/A,N/A
5.63.107.38,1,2,Kazakhstan,JSC Kazakhtelecom,N/A,N/A
50.149.161.131,1,6,United States,Comcast Cable Communications; LLC,N/A,N/A
52.174.144.106,1,1,Netherlands,Microsoft Corporation,N/A,N/A
58.181.99.122,1,1,Pakistan,Pakistan Telecom Company Limited,N/A,N/A
58.209.82.184,1,5,China,Chinanet,N/A,N/A
58.210.197.34,1,10,China,Chinanet,N/A,N/A
58.214.33.142,1,12,China,Chinanet,N/A,N/A
58.249.136.155,1,12,China,China Unicom Guangzhou network,N/A,N/A
58.249.146.50,1,7,China,China Unicom Guangzhou network,N/A,N/A
58.27.253.6,1,6,Pakistan,National WiMAXIMS environment,N/A,N/A
59.103.231.35,1,1,Pakistan,Pakistan Telecommunication Company Limited,N/A,N/A
59.125.136.35,1,1,Taiwan,Data Communication Business Group,N/A,N/A
59.125.213.161,1,1,Taiwan,Data Communication Business Group,N/A,N/A
59.149.239.94,1,2,Hong Kong,Hong Kong Broadband Network Ltd.,N/A,N/A
59.188.128.151,1,2,Hong Kong,Hong Kong Broadband Network Ltd.,N/A,N/A
59.21.50.102,1,14,South Korea,Korea Telecom,N/A,N/A
59.23.230.227,1,5,South Korea,kt cloud Co.; Ltd,N/A,N/A
59.4.20.28,1,5,South Korea,Korea Telecom,N/A,N/A
59.46.133.227,1,10,China,CHINANET Liaoning province Dalian MAN network,N/A,N/A
59.50.26.145,1,5,China,Chinanet,N/A,N/A
60.188.58.108,1,5,China,CT-HangZhou-IDC,N/A,N/A
60.204.203.231,1,5,China,Huawei Cloud Service data center,N/A,N/A
60.216.37.11,1,7,China,CHINA UNICOM China169 Backbone,N/A,N/A
61.0.228.11,1,17,India,National Internet Backbone,N/A,N/A
61.101.190.207,1,6,South Korea,SK Broadband Co Ltd,N/A,N/A
61.111.244.152,1,15,South Korea,MOACK.Co.LTD,N/A,N/A
61.151.249.194,1,5,China,China Telecom Group,N/A,N/A
61.156.217.77,1,6,China,CHINA UNICOM China169 Backbone,N/A,N/A
61.156.218.5,1,7,China,CHINA UNICOM China169 Backbone,N/A,N/A
61.216.105.59,1,12,Taiwan,Data Communication Business Group,N/A,N/A
61.221.207.130,1,1,Taiwan,Data Communication Business Group,N/A,N/A
61.245.11.87,1,5,Philippines,R&R Managed Telecom Services,N/A,N/A
61.59.6.81,1,6,Taiwan,Digital United Inc.,N/A,N/A
61.7.168.99,1,2,Thailand,National Telecom Public Company Limited,N/A,N/A
61.72.58.242,1,6,South Korea,Korea Telecom,N/A,N/A
62.169.28.111,1,3,France,Contabo GmbH,N/A,N/A
62.171.160.177,1,3,France,Contabo GmbH,N/A,N/A
62.171.167.207,1,1,France,Contabo GmbH,N/A,N/A
62.182.132.94,1,6,Russia,PJSC MegaFon,N/A,N/A
62.210.209.231,1,2,France,Scaleway S.a.s.,N/A,N/A
62.76.64.90,1,1,Russia,OOO TransKom,N/A,N/A
62.78.62.146,1,4,Russia,Limited Liability Company WELLCOM-L,N/A,N/A
64.176.38.89,1,26,Japan,The Constant Company; LLC,N/A,N/A
64.225.75.83,1,12,The Netherlands,DigitalOcean; LLC,N/A,N/A
64.227.87.174,1,1,United States,DigitalOcean; LLC,N/A,N/A
64.62.156.172,1,7,United States,Hurricane Electric LLC,N/A,N/A
64.62.156.66,1,7,United States,Hurricane Electric LLC,N/A,N/A
64.62.197.77,1,7,United States,Hurricane Electric LLC,N/A,N/A
64.89.161.182,1,49,United Kingdom,Ghosty Networks LLC,N/A,N/A
64.89.163.138,1,1,United Kingdom,Netiface America; Inc.,N/A,N/A
64.89.163.148,1,1,United Kingdom,Netiface America; Inc.,N/A,N/A
64.89.163.149,1,1,United Kingdom,Netiface America; Inc.,N/A,N/A
64.89.163.166,1,1,United Kingdom,Netiface America; Inc.,N/A,N/A
64.89.163.78,1,1,United Kingdom,Netiface America; Inc.,N/A,N/A
64.89.163.93,1,1,United Kingdom,Netiface America; Inc.,N/A,N/A
65.181.79.60,1,6,Hong Kong,HKT Limited,N/A,N/A
65.20.131.63,1,6,Iraq,Hulum Almustakbal Company for Communication Engineering and Services Ltd,N/A,N/A
65.20.138.3,1,6,Iraq,Hulum Almustakbal Company for Communication Engineering and Services Ltd,N/A,N/A
65.20.143.159,1,6,Iraq,Hulum Almustakbal Company for Communication Engineering and Services Ltd,N/A,N/A
65.20.157.131,1,6,Iraq,Hulum Almustakbal Company for Communication Engineering and Services Ltd,N/A,N/A
65.20.164.33,1,6,Iraq,Hulum Almustakbal Company for Communication Engineering and Services Ltd,N/A,N/A
65.20.174.63,1,6,Iraq,Hulum Almustakbal Company for Communication Engineering and Services Ltd,N/A,N/A
65.20.179.251,1,6,Iraq,Hulum Almustakbal Company for Communication Engineering and Services Ltd,N/A,N/A
65.20.205.74,1,6,Iraq,Hulum Almustakbal Company for Communication Engineering and Services Ltd,N/A,N/A
65.20.73.157,1,5,India,The Constant Company; LLC,N/A,N/A
65.20.85.181,1,10,India,The Constant Company; LLC,N/A,N/A
65.49.1.122,1,7,United States,Hurricane Electric LLC,N/A,N/A
66.167.169.175,1,2,Pakistan,Cyber Internet Services Pvt Ltd.,N/A,N/A
66.94.122.148,1,3,United States,Contabo Inc.,N/A,N/A
67.2.163.107,1,7,United States,CenturyLink Communications; LLC,N/A,N/A
67.205.136.109,1,12,United States,DigitalOcean; LLC,N/A,N/A
67.209.190.106,1,5,United States,IT7 Networks Inc,N/A,N/A
67.43.245.229,1,5,United States,Fidelity Communication International Inc.,N/A,N/A
68.183.234.194,1,3,Singapore,DigitalOcean; LLC,N/A,N/A
68.183.42.51,1,7,United Kingdom,DigitalOcean; LLC,N/A,N/A
68.183.91.10,1,7,India,DigitalOcean; LLC,N/A,N/A
68.232.175.166,1,19,United States,The Constant Company; LLC,N/A,N/A
70.36.97.190,1,5,Hong Kong,Perfect International; Inc,N/A,N/A
70.73.25.119,1,6,Canada,Shaw Communications,N/A,N/A
71.12.241.225,1,6,United States,Charter Communications LLC,N/A,N/A
71.6.158.166,1,1,United States,CariNet; Inc.,N/A,N/A
72.167.39.225,1,122,United States,GoDaddy.com; LLC,N/A,N/A
72.255.9.153,1,2,Pakistan,Cyber Internet Services Pvt Ltd.,N/A,N/A
74.142.67.90,1,2,United States,Charter Communications Inc,N/A,N/A
74.224.215.10,1,5,India,Microsoft Corporation,N/A,N/A
74.82.47.3,1,7,United States,Hurricane Electric LLC,N/A,N/A
75.152.90.59,1,5,Canada,TELUS Communications,N/A,N/A
76.132.238.43,1,6,United States,Comcast Cable Communications; LLC,N/A,N/A
77.232.165.203,1,4,Russia,JSC Elektrosvyaz,N/A,N/A
77.235.20.52,1,1,Kyrgyzstan,Mega-Line Ltd.,N/A,N/A
77.240.33.136,1,6,Kazakhstan,NLS Kazakhstan LLC,N/A,N/A
77.79.181.195,1,1,Russia,JSC Ufanet,N/A,N/A
77.89.220.210,1,1,Moldova,Orange Moldova S.A.,N/A,N/A
78.128.112.74,1,5,Bulgaria,4 Vendeta Ltd,N/A,N/A
78.186.26.5,1,1,Türkiye,Turk Telekom,N/A,N/A
78.186.54.65,1,6,Türkiye,Turk Telekom,N/A,N/A
78.187.46.36,1,1,Türkiye,Turk Telekom,N/A,N/A
78.66.44.23,1,6,Sweden,Telia Company AB,N/A,N/A
78.85.153.93,1,2,Russia,Rostelecom,N/A,N/A
79.112.56.180,1,10,Spain,Digi Spain Telecom S.A,N/A,N/A
79.117.59.28,1,10,Spain,Digi Spain Telecom S.A,N/A,N/A
79.140.232.26,1,1,Kazakhstan,Bazovaya Set LLP,N/A,N/A
8.209.242.251,1,3,Japan,Alibaba US Technology Co.; Ltd.,N/A,N/A
8.210.248.181,1,5,Hong Kong,Alibaba US Technology Co.; Ltd.,N/A,N/A
8.217.177.33,1,5,Hong Kong,Alibaba US Technology Co.; Ltd.,N/A,N/A
8.219.40.251,1,3,Singapore,Alibaba US Technology Co.; Ltd.,N/A,N/A
8.220.191.20,1,3,Philippines,Alibaba US Technology Co.; Ltd.,N/A,N/A
80.179.17.52,1,1,Israel,Partner Communications Ltd.,N/A,N/A
80.233.12.109,1,6,Ireland,Three Ireland (Hutchison) limited,N/A,N/A
81.172.196.116,1,3,Netherlands,DELTA Fiber Nederland B.V.,N/A,N/A
82.158.224.115,1,5,Hong Kong,cognetcloud INC,N/A,N/A
82.24.64.32,1,3,United Kingdom,Arisk Communications inc.,N/A,N/A
83.135.56.114,1,11,Germany,1&1 Versatel GmbH,N/A,N/A
83.136.176.50,1,3,Spain,Xarxes Esteses de Comunicacions SL,N/A,N/A
83.206.50.182,1,6,France,Orange,N/A,N/A
83.222.6.132,1,4,Uzbekistan,Uzbektelekom Joint Stock Company,N/A,N/A
83.237.72.102,1,1,Russia,MTS PJSC,N/A,N/A
83.83.13.247,1,6,The Netherlands,Vodafone Libertel B.V.,N/A,N/A
84.240.224.102,1,6,Kazakhstan,JSC Kazakhtelecom,N/A,N/A
84.247.175.124,1,1,France,Contabo GmbH,N/A,N/A
85.105.24.58,1,2,Türkiye,Turk Telekom,N/A,N/A
85.11.167.191,1,15,Bulgaria,ColocaTel Inc.,N/A,N/A
85.113.44.142,1,1,Russia,JSC ER-Telecom Holding,N/A,N/A
85.159.164.28,1,6,Israel,Pelephone Communications Ltd.,N/A,N/A
85.229.46.153,1,6,Sweden,Telenor Sverige AB,N/A,N/A
85.30.248.213,1,6,Russia,Rostelecom,N/A,N/A
85.8.171.77,1,7,Finland,Simoresta UAB,N/A,N/A
85.8.182.98,1,3,Hong Kong,Bunny Communications,N/A,N/A
85.96.242.57,1,1,Türkiye,Turk Telekom,N/A,N/A
86.104.20.101,1,6,France,Hydra Communications Ltd,N/A,N/A
86.104.20.92,1,23,France,Hydra Communications Ltd,N/A,N/A
86.104.20.97,1,2,France,Hydra Communications Ltd,N/A,N/A
86.104.20.98,1,1,France,Hydra Communications Ltd,N/A,N/A
86.104.20.99,1,6,France,Hydra Communications Ltd,N/A,N/A
86.96.101.1,1,1,United Arab Emirates,Emirates Telecommunications Group Company (etisalat Group) Pjsc,N/A,N/A
87.106.91.226,1,10,Germany,IONOS SE,N/A,N/A
88.2.213.50,1,1,Spain,Telefonica De Espana S.a.u.,N/A,N/A
88.247.147.138,1,1,Türkiye,Turk Telekom,N/A,N/A
88.249.51.80,1,1,Türkiye,Turk Telekom,N/A,N/A
88.84.209.146,1,6,Russia,Flex Ltd.,N/A,N/A
89.117.51.126,1,3,France,Contabo GmbH,N/A,N/A
89.12.152.205,1,12,Germany,Telefonica Germany,N/A,N/A
89.167.44.71,1,3,Finland,Hetzner Online GmbH,N/A,N/A
89.237.196.148,1,1,Kyrgyzstan,OJSC Kyrgyztelecom,N/A,N/A
89.248.167.131,1,1,The Netherlands,IP Volume inc,N/A,N/A
89.32.41.113,1,30,Romania,Hostmaze Inc Srl-d,N/A,N/A
90.230.226.175,1,6,Sweden,Telia Company AB,N/A,N/A
91.126.40.196,1,12,Spain,Adamo Telecom Iberia S.A.,N/A,N/A
91.144.158.62,1,6,Russia,JSC ER-Telecom Holding,N/A,N/A
91.190.73.246,1,7,Russia,Zelenaya Tochka Lipetsk LLC,N/A,N/A
91.224.92.177,1,5,United Kingdom,UAB Host Baltic,N/A,N/A
91.224.92.191,1,7,United Kingdom,UAB Host Baltic,N/A,N/A
91.236.116.50,1,9,Sweden,w1n ltd,N/A,N/A
91.92.240.214,1,10,Germany,Omegatech LTD,N/A,N/A
92.39.102.134,1,7,Russia,OOO SvyazInform,N/A,N/A
93.177.157.162,1,6,Georgia,Magticom Ltd.,N/A,N/A
93.94.53.222,1,1,Iraq,TigrisNet,N/A,N/A
94.131.211.168,1,6,Ukraine,Kruiz LLC,N/A,N/A
94.178.188.73,1,7,Ukraine,JSC Ukrtelecom,N/A,N/A
94.249.69.90,1,1,Jordan,Jordan Data Communications Company LLC,N/A,N/A
94.25.68.54,1,4,Russia,Rostelecom,N/A,N/A
95.165.84.171,1,2,Russia,PJSC Moscow city telephone network,N/A,N/A
95.179.247.12,1,16,Germany,The Constant Company; LLC,N/A,N/A
95.183.83.47,1,2,Russia,Flex Ltd.,N/A,N/A
95.24.33.32,1,5,Russia,PVimpelCom,N/A,N/A
95.25.28.191,1,2,Russia,PVimpelCom,N/A,N/A
95.35.29.192,1,6,Israel,Cellcom Fixed Line Communication L.P,N/A,N/A
96.1.40.151,1,6,Canada,TELUS Communications,N/A,N/A
98.101.203.61,1,6,United States,Medical Services of America,N/A,N/A
98.161.232.9,1,6,United States,Cox Communications Inc.,N/A,N/A
98.80.4.4,1,2,United States,Amazon.com; Inc.,N/A,N/A
