shasum,downloads,unique_ips,urls,destfiles,first_seen,last_seen
a8460f446be540410004b1a8db4083773fa46f7fe76fa84219c93daa1669f8f2,3514,1246,,/.ssh/authorized_keys; /bin/.ssh/authorized_keys; /home/7days/.ssh/authorized_keys; /home/Admin/.ssh/authorized_keys; /home/Guest/.ssh/authorized_keys; /home/Test/.ssh/authorized_keys; /home/User/.ssh/authorized_keys; /home/abc/.ssh/authorized_keys; /home/abcd/.ssh/authorized_keys; /home/abdullah/.ssh/authorized_keys; /home/abe/.ssh/authorized_keys; /home/abhishek/.ssh/authorized_keys; /home/ada/.ssh/authorized_keys; /home/adi/.ssh/authorized_keys; /home/admin/.ssh/authorized_keys; /home/admin1234/.ssh/authorized_keys; /home/admin2/.ssh/authorized_keys; /home/administrador/.ssh/authorized_keys; /home/administrator/.ssh/authorized_keys; /home/adminuser/.ssh/authorized_keys; /home/adrian/.ssh/authorized_keys; /home/adv/.ssh/authorized_keys; /home/ahmad/.ssh/authorized_keys; /home/airflow/.ssh/authorized_keys; /home/aitransport/.ssh/authorized_keys; /home/alan/.ssh/authorized_keys; /home/alec/.ssh/authorized_keys; /home/alex/.ssh/authorized_keys; /home/alexis/.ssh/authorized_keys; /home/alfredo/.ssh/authorized_keys; /home/ali/.ssh/authorized_keys; /home/alice/.ssh/authorized_keys; /home/allan/.ssh/authorized_keys; /home/allen/.ssh/authorized_keys; /home/alpha/.ssh/authorized_keys; /home/alumno/.ssh/authorized_keys; /home/alyssa/.ssh/authorized_keys; /home/amazon/.ssh/authorized_keys; /home/amin/.ssh/authorized_keys; /home/amine/.ssh/authorized_keys; /home/amir/.ssh/authorized_keys; /home/amit/.ssh/authorized_keys; /home/amosdev/.ssh/authorized_keys; /home/amp/.ssh/authorized_keys; /home/anaconda/.ssh/authorized_keys; /home/anders/.ssh/authorized_keys; /home/andong/.ssh/authorized_keys; /home/andre/.ssh/authorized_keys; /home/andrei/.ssh/authorized_keys; /home/andrey/.ssh/authorized_keys; /home/android/.ssh/authorized_keys; /home/andy/.ssh/authorized_keys; /home/angel/.ssh/authorized_keys; /home/angelica/.ssh/authorized_keys; /home/angga/.ssh/authorized_keys; /home/ann/.ssh/authorized_keys; /home/anna/.ssh/authorized_keys; /home/anon/.ssh/authorized_keys; /home/ansible/.ssh/authorized_keys; /home/antoine/.ssh/authorized_keys; /home/apache/.ssh/authorized_keys; /home/apagar/.ssh/authorized_keys; /home/api/.ssh/authorized_keys; /home/app/.ssh/authorized_keys; /home/applmgr/.ssh/authorized_keys; /home/appuser/.ssh/authorized_keys; /home/ark/.ssh/authorized_keys; /home/arkserver/.ssh/authorized_keys; /home/arm/.ssh/authorized_keys; /home/aroot/.ssh/authorized_keys; /home/asdf/.ssh/authorized_keys; /home/ashish/.ssh/authorized_keys; /home/ashok/.ssh/authorized_keys; /home/assistant/.ssh/authorized_keys; /home/asterix/.ssh/authorized_keys; /home/astra/.ssh/authorized_keys; /home/astro/.ssh/authorized_keys; /home/asus/.ssh/authorized_keys; /home/auditor/.ssh/authorized_keys; /home/auser/.ssh/authorized_keys; /home/automation/.ssh/authorized_keys; /home/aws/.ssh/authorized_keys; /home/awsuser/.ssh/authorized_keys; /home/ayoub/.ssh/authorized_keys; /home/azuracast/.ssh/authorized_keys; /home/azureuser/.ssh/authorized_keys; /home/b/.ssh/authorized_keys; /home/backend/.ssh/authorized_keys; /home/backupuser/.ssh/authorized_keys; /home/bart/.ssh/authorized_keys; /home/batman/.ssh/authorized_keys; /home/bbb/.ssh/authorized_keys; /home/be/.ssh/authorized_keys; /home/bea/.ssh/authorized_keys; /home/bell/.ssh/authorized_keys; /home/bench/.ssh/authorized_keys; /home/bert/.ssh/authorized_keys; /home/bhavesh/.ssh/authorized_keys; /home/big/.ssh/authorized_keys; /home/bitnami/.ssh/authorized_keys; /home/bitrix/.ssh/authorized_keys; /home/bkp/.ssh/authorized_keys; /home/bodega/.ssh/authorized_keys; /home/boom/.ssh/authorized_keys; /home/boss/.ssh/authorized_keys; /home/bot/.ssh/authorized_keys; /home/bot1/.ssh/authorized_keys; /home/bot2/.ssh/authorized_keys; /home/botuser/.ssh/authorized_keys; /home/bruno/.ssh/authorized_keys; /home/bryan/.ssh/authorized_keys; /home/builder/.ssh/authorized_keys; /home/bwadmin/.ssh/authorized_keys; /home/caja/.ssh/authorized_keys; /home/camera/.ssh/authorized_keys; /home/canal/.ssh/authorized_keys; /home/canon/.ssh/authorized_keys; /home/captain/.ssh/authorized_keys; /home/carlo/.ssh/authorized_keys; /home/carlos/.ssh/authorized_keys; /home/casa/.ssh/authorized_keys; /home/cedric/.ssh/authorized_keys; /home/celery/.ssh/authorized_keys; /home/centos7/.ssh/authorized_keys; /home/ceo/.ssh/authorized_keys; /home/certftp/.ssh/authorized_keys; /home/ceshi/.ssh/authorized_keys; /home/ceshi2/.ssh/authorized_keys; /home/chat/.ssh/authorized_keys; /home/chris/.ssh/authorized_keys; /home/chrism/.ssh/authorized_keys; /home/chrome/.ssh/authorized_keys; /home/ci/.ssh/authorized_keys; /home/cisco/.ssh/authorized_keys; /home/ciserve/.ssh/authorized_keys; /home/claude/.ssh/authorized_keys; /home/clawd/.ssh/authorized_keys; /home/client/.ssh/authorized_keys; /home/client1/.ssh/authorized_keys; /home/cliente/.ssh/authorized_keys; /home/cloud/.ssh/authorized_keys; /home/cockpit/.ssh/authorized_keys; /home/code/.ssh/authorized_keys; /home/coder/.ssh/authorized_keys; /home/common/.ssh/authorized_keys; /home/comp/.ssh/authorized_keys; /home/contab/.ssh/authorized_keys; /home/controlm/.ssh/authorized_keys; /home/coolify/.ssh/authorized_keys; /home/copia/.ssh/authorized_keys; /home/craft/.ssh/authorized_keys; /home/crafty/.ssh/authorized_keys; /home/cristi/.ssh/authorized_keys; /home/crm/.ssh/authorized_keys; /home/cs/.ssh/authorized_keys; /home/csserver/.ssh/authorized_keys; /home/ct/.ssh/authorized_keys; /home/ctf/.ssh/authorized_keys; /home/cvs/.ssh/authorized_keys; /home/cw/.ssh/authorized_keys; /home/cy/.ssh/authorized_keys; /home/cyber/.ssh/authorized_keys; /home/cyrus/.ssh/authorized_keys; /home/d/.ssh/authorized_keys; /home/dahua/.ssh/authorized_keys; /home/dan/.ssh/authorized_keys; /home/daniel/.ssh/authorized_keys; /home/data/.ssh/authorized_keys; /home/db2admin/.ssh/authorized_keys; /home/db2inst/.ssh/authorized_keys; /home/db2inst1/.ssh/authorized_keys; /home/dbadmin/.ssh/authorized_keys; /home/deamon/.ssh/authorized_keys; /home/debian/.ssh/authorized_keys; /home/default/.ssh/authorized_keys; /home/dell/.ssh/authorized_keys; /home/demo/.ssh/authorized_keys; /home/demon/.ssh/authorized_keys; /home/den/.ssh/authorized_keys; /home/deploy/.ssh/authorized_keys; /home/deployer/.ssh/authorized_keys; /home/deployuser/.ssh/authorized_keys; /home/desktop/.ssh/authorized_keys; /home/dev/.ssh/authorized_keys; /home/develop/.ssh/authorized_keys; /home/developer/.ssh/authorized_keys; /home/devman/.ssh/authorized_keys; /home/devops/.ssh/authorized_keys; /home/devuser/.ssh/authorized_keys; /home/dhkim/.ssh/authorized_keys; /home/diego/.ssh/authorized_keys; /home/dis/.ssh/authorized_keys; /home/django/.ssh/authorized_keys; /home/dls/.ssh/authorized_keys; /home/docker/.ssh/authorized_keys; /home/dockeradmin/.ssh/authorized_keys; /home/dolphinscheduler/.ssh/authorized_keys; /home/dominique/.ssh/authorized_keys; /home/don/.ssh/authorized_keys; /home/dp/.ssh/authorized_keys; /home/dspace/.ssh/authorized_keys; /home/eadmin/.ssh/authorized_keys; /home/eddy/.ssh/authorized_keys; /home/edu/.ssh/authorized_keys; /home/edubook/.ssh/authorized_keys; /home/efs/.ssh/authorized_keys; /home/ekp/.ssh/authorized_keys; /home/elaine/.ssh/authorized_keys; /home/elastic/.ssh/authorized_keys; /home/elearn/.ssh/authorized_keys; /home/elemental/.ssh/authorized_keys; /home/elsearch/.ssh/authorized_keys; /home/email/.ssh/authorized_keys; /home/emo/.ssh/authorized_keys; /home/ems/.ssh/authorized_keys; /home/erica/.ssh/authorized_keys; /home/erpnext/.ssh/authorized_keys; /home/erpuser/.ssh/authorized_keys; /home/erwin/.ssh/authorized_keys; /home/es/.ssh/authorized_keys; /home/escaner/.ssh/authorized_keys; /home/esuser/.ssh/authorized_keys; /home/evan/.ssh/authorized_keys; /home/evil/.ssh/authorized_keys; /home/excel/.ssh/authorized_keys; /home/extern/.ssh/authorized_keys; /home/external/.ssh/authorized_keys; /home/exx/.ssh/authorized_keys; /home/f/.ssh/authorized_keys; /home/facturacion/.ssh/authorized_keys; /home/fangdaohong/.ssh/authorized_keys; /home/fastuser/.ssh/authorized_keys; /home/felix/.ssh/authorized_keys; /home/fgxu/.ssh/authorized_keys; /home/firewall/.ssh/authorized_keys; /home/fiscal/.ssh/authorized_keys; /home/flutter/.ssh/authorized_keys; /home/fox/.ssh/authorized_keys; /home/francesco/.ssh/authorized_keys; /home/francisco/.ssh/authorized_keys; /home/frank/.ssh/authorized_keys; /home/frappe/.ssh/authorized_keys; /home/frappeuser/.ssh/authorized_keys; /home/free/.ssh/authorized_keys; /home/friend/.ssh/authorized_keys; /home/ftp/.ssh/authorized_keys; /home/ftp1/.ssh/authorized_keys; /home/ftp_test/.ssh/authorized_keys; /home/ftpd/.ssh/authorized_keys; /home/ftpuser/.ssh/authorized_keys; /home/ftpuser01/.ssh/authorized_keys; /home/ftpuser1/.ssh/authorized_keys; /home/ftpuser2/.ssh/authorized_keys; /home/g/.ssh/authorized_keys; /home/gary/.ssh/authorized_keys; /home/gbase/.ssh/authorized_keys; /home/george/.ssh/authorized_keys; /home/gera/.ssh/authorized_keys; /home/gestion/.ssh/authorized_keys; /home/gg/.ssh/authorized_keys; /home/ghost/.ssh/authorized_keys; /home/gianluca/.ssh/authorized_keys; /home/github-runner/.ssh/authorized_keys; /home/gitlab-runner/.ssh/authorized_keys; /home/gitlab/.ssh/authorized_keys; /home/gitlabuser/.ssh/authorized_keys; /home/gittest/.ssh/authorized_keys; /home/globalflash/.ssh/authorized_keys; /home/gm/.ssh/authorized_keys; /home/gns3/.ssh/authorized_keys; /home/go/.ssh/authorized_keys; /home/gpadmin/.ssh/authorized_keys; /home/grid/.ssh/authorized_keys; /home/guillermo/.ssh/authorized_keys; /home/gustavo/.ssh/authorized_keys; /home/gw/.ssh/authorized_keys; /home/gy/.ssh/authorized_keys; /home/hadoop/.ssh/authorized_keys; /home/hamza/.ssh/authorized_keys; /home/hanul/.ssh/authorized_keys; /home/hari/.ssh/authorized_keys; /home/harry/.ssh/authorized_keys; /home/hassan/.ssh/authorized_keys; /home/hath/.ssh/authorized_keys; /home/hdfs/.ssh/authorized_keys; /home/hdoop/.ssh/authorized_keys; /home/hduser/.ssh/authorized_keys; /home/hex/.ssh/authorized_keys; /home/hh/.ssh/authorized_keys; /home/hik/.ssh/authorized_keys; /home/hl/.ssh/authorized_keys; /home/hong/.ssh/authorized_keys; /home/hoshii/.ssh/authorized_keys; /home/host/.ssh/authorized_keys; /home/hosting/.ssh/authorized_keys; /home/hr/.ssh/authorized_keys; /home/html/.ssh/authorized_keys; /home/httpd/.ssh/authorized_keys; /home/hu/.ssh/authorized_keys; /home/huang/.ssh/authorized_keys; /home/hugo/.ssh/authorized_keys; /home/hung/.ssh/authorized_keys; /home/hyun/.ssh/authorized_keys; /home/hzy/.ssh/authorized_keys; /home/i/.ssh/authorized_keys; /home/ibrahim/.ssh/authorized_keys; /home/icecast/.ssh/authorized_keys; /home/iksi/.ssh/authorized_keys; /home/ilon/.ssh/authorized_keys; /home/in/.ssh/authorized_keys; /home/inedb/.ssh/authorized_keys; /home/info/.ssh/authorized_keys; /home/informix/.ssh/authorized_keys; /home/infra/.ssh/authorized_keys; /home/innova/.ssh/authorized_keys; /home/install/.ssh/authorized_keys; /home/installer/.ssh/authorized_keys; /home/int/.ssh/authorized_keys; /home/intek/.ssh/authorized_keys; /home/intell/.ssh/authorized_keys; /home/internet/.ssh/authorized_keys; /home/invitado/.ssh/authorized_keys; /home/ionadmin/.ssh/authorized_keys; /home/iot/.ssh/authorized_keys; /home/irvps/.ssh/authorized_keys; /home/issabel/.ssh/authorized_keys; /home/it/.ssh/authorized_keys; /home/itadmin/.ssh/authorized_keys; /home/j/.ssh/authorized_keys; /home/jack/.ssh/authorized_keys; /home/james/.ssh/authorized_keys; /home/jan/.ssh/authorized_keys; /home/jane/.ssh/authorized_keys; /home/jason/.ssh/authorized_keys; /home/jason1/.ssh/authorized_keys; /home/java/.ssh/authorized_keys; /home/javier/.ssh/authorized_keys; /home/jboss/.ssh/authorized_keys; /home/jellyfin/.ssh/authorized_keys; /home/jessica/.ssh/authorized_keys; /home/jim/.ssh/authorized_keys; /home/jino/.ssh/authorized_keys; /home/jira/.ssh/authorized_keys; /home/jirka/.ssh/authorized_keys; /home/jitendra/.ssh/authorized_keys; /home/jmeter/.ssh/authorized_keys; /home/joao/.ssh/authorized_keys; /home/john/.ssh/authorized_keys; /home/jon/.ssh/authorized_keys; /home/jorge/.ssh/authorized_keys; /home/juan/.ssh/authorized_keys; /home/julian/.ssh/authorized_keys; /home/jun/.ssh/authorized_keys; /home/jwlee/.ssh/authorized_keys; /home/k/.ssh/authorized_keys; /home/k8suser/.ssh/authorized_keys; /home/kafka/.ssh/authorized_keys; /home/kanban/.ssh/authorized_keys; /home/kannel/.ssh/authorized_keys; /home/kapsch/.ssh/authorized_keys; /home/karim/.ssh/authorized_keys; /home/kawasima/.ssh/authorized_keys; /home/ken/.ssh/authorized_keys; /home/kevin/.ssh/authorized_keys; /home/keycloak/.ssh/authorized_keys; /home/khalil/.ssh/authorized_keys; /home/kingbase/.ssh/authorized_keys; /home/kipt/.ssh/authorized_keys; /home/kirill/.ssh/authorized_keys; /home/kk/.ssh/authorized_keys; /home/km/.ssh/authorized_keys; /home/kocom/.ssh/authorized_keys; /home/kodi/.ssh/authorized_keys; /home/krishna/.ssh/authorized_keys; /home/ks/.ssh/authorized_keys; /home/kube/.ssh/authorized_keys; /home/kubernetes/.ssh/authorized_keys; /home/kusanagi/.ssh/authorized_keys; /home/lan/.ssh/authorized_keys; /home/lawrence/.ssh/authorized_keys; /home/lcx/.ssh/authorized_keys; /home/legales/.ssh/authorized_keys; /home/leo/.ssh/authorized_keys; /home/leon/.ssh/authorized_keys; /home/lg/.ssh/authorized_keys; /home/lh/.ssh/authorized_keys; /home/lima/.ssh/authorized_keys; /home/linux/.ssh/authorized_keys; /home/linuxadmin/.ssh/authorized_keys; /home/linuxbrew/.ssh/authorized_keys; /home/localhost/.ssh/authorized_keys; /home/louis/.ssh/authorized_keys; /home/lucas/.ssh/authorized_keys; /home/lyh/.ssh/authorized_keys; /home/lyt/.ssh/authorized_keys; /home/lzy/.ssh/authorized_keys; /home/m/.ssh/authorized_keys; /home/maarch/.ssh/authorized_keys; /home/macha/.ssh/authorized_keys; /home/magento/.ssh/authorized_keys; /home/mahdi/.ssh/authorized_keys; /home/mahesh/.ssh/authorized_keys; /home/mailuser/.ssh/authorized_keys; /home/main/.ssh/authorized_keys; /home/mama/.ssh/authorized_keys; /home/mamad/.ssh/authorized_keys; /home/manager/.ssh/authorized_keys; /home/manel/.ssh/authorized_keys; /home/manu/.ssh/authorized_keys; /home/marco/.ssh/authorized_keys; /home/marek/.ssh/authorized_keys; /home/mari/.ssh/authorized_keys; /home/maria/.ssh/authorized_keys; /home/mark/.ssh/authorized_keys; /home/master/.ssh/authorized_keys; /home/mastodon/.ssh/authorized_keys; /home/matic/.ssh/authorized_keys; /home/matin/.ssh/authorized_keys; /home/mcserver/.ssh/authorized_keys; /home/mcuser/.ssh/authorized_keys; /home/md/.ssh/authorized_keys; /home/me/.ssh/authorized_keys; /home/mehedi/.ssh/authorized_keys; /home/melvin/.ssh/authorized_keys; /home/meng/.ssh/authorized_keys; /home/mes/.ssh/authorized_keys; /home/mexal/.ssh/authorized_keys; /home/mgmt/.ssh/authorized_keys; /home/michael/.ssh/authorized_keys; /home/michele/.ssh/authorized_keys; /home/michelle/.ssh/authorized_keys; /home/miguel/.ssh/authorized_keys; /home/mike/.ssh/authorized_keys; /home/mikrotik/.ssh/authorized_keys; /home/milad/.ssh/authorized_keys; /home/minecraft/.ssh/authorized_keys; /home/ming/.ssh/authorized_keys; /home/minioadmin/.ssh/authorized_keys; /home/mitra/.ssh/authorized_keys; /home/mk/.ssh/authorized_keys; /home/mm/.ssh/authorized_keys; /home/mmx/.ssh/authorized_keys; /home/mo/.ssh/authorized_keys; /home/mobiquity/.ssh/authorized_keys; /home/modify/.ssh/authorized_keys; /home/mohammad/.ssh/authorized_keys; /home/mohsen/.ssh/authorized_keys; /home/mongo/.ssh/authorized_keys; /home/mongod/.ssh/authorized_keys; /home/monitor/.ssh/authorized_keys; /home/monitoring/.ssh/authorized_keys; /home/mosquitto/.ssh/authorized_keys; /home/mostafa/.ssh/authorized_keys; /home/mqtt/.ssh/authorized_keys; /home/msf/.ssh/authorized_keys; /home/mslee21/.ssh/authorized_keys; /home/mssql/.ssh/authorized_keys; /home/music/.ssh/authorized_keys; /home/myadmin/.ssh/authorized_keys; /home/mysql/.ssh/authorized_keys; /home/myuser/.ssh/authorized_keys; /home/n8n/.ssh/authorized_keys; /home/nagios/.ssh/authorized_keys; /home/nasuser/.ssh/authorized_keys; /home/netflow/.ssh/authorized_keys; /home/netweb/.ssh/authorized_keys; /home/new/.ssh/authorized_keys; /home/newusername/.ssh/authorized_keys; /home/nexus/.ssh/authorized_keys; /home/nginx/.ssh/authorized_keys; /home/nico/.ssh/authorized_keys; /home/nikhil/.ssh/authorized_keys; /home/nikola/.ssh/authorized_keys; /home/nima/.ssh/authorized_keys; /home/nixcraft5/.ssh/authorized_keys; /home/nominatim/.ssh/authorized_keys; /home/nora/.ssh/authorized_keys; /home/noreply/.ssh/authorized_keys; /home/nutanix/.ssh/authorized_keys; /home/obc/.ssh/authorized_keys; /home/ocean/.ssh/authorized_keys; /home/ocs/.ssh/authorized_keys; /home/odin/.ssh/authorized_keys; /home/odm/.ssh/authorized_keys; /home/odoo/.ssh/authorized_keys; /home/odoo17/.ssh/authorized_keys; /home/oguz/.ssh/authorized_keys; /home/okuno/.ssh/authorized_keys; /home/old/.ssh/authorized_keys; /home/olivier/.ssh/authorized_keys; /home/omar/.ssh/authorized_keys; /home/omega/.ssh/authorized_keys; /home/omm/.ssh/authorized_keys; /home/one/.ssh/authorized_keys; /home/oneadmin/.ssh/authorized_keys; /home/online/.ssh/authorized_keys; /home/onlyoffice/.ssh/authorized_keys; /home/opc/.ssh/authorized_keys; /home/openerp/.ssh/authorized_keys; /home/openhabian/.ssh/authorized_keys; /home/openstack/.ssh/authorized_keys; /home/openvpn0/.ssh/authorized_keys; /home/ops/.ssh/authorized_keys; /home/oradev/.ssh/authorized_keys; /home/orders/.ssh/authorized_keys; /home/otrs/.ssh/authorized_keys; /home/paid/.ssh/authorized_keys; /home/palworld/.ssh/authorized_keys; /home/paolo/.ssh/authorized_keys; /home/passbolt/.ssh/authorized_keys; /home/patricia/.ssh/authorized_keys; /home/patrick/.ssh/authorized_keys; /home/paula/.ssh/authorized_keys; /home/paulo/.ssh/authorized_keys; /home/pc/.ssh/authorized_keys; /home/pdx/.ssh/authorized_keys; /home/pedro/.ssh/authorized_keys; /home/peer/.ssh/authorized_keys; /home/peertube/.ssh/authorized_keys; /home/pengbo/.ssh/authorized_keys; /home/perforce/.ssh/authorized_keys; /home/personal/.ssh/authorized_keys; /home/peter/.ssh/authorized_keys; /home/petr/.ssh/authorized_keys; /home/piuser/.ssh/authorized_keys; /home/planka/.ssh/authorized_keys; /home/player/.ssh/authorized_keys; /home/plex/.ssh/authorized_keys; /home/pm2user/.ssh/authorized_keys; /home/pollinate/.ssh/authorized_keys; /home/pool/.ssh/authorized_keys; /home/portal/.ssh/authorized_keys; /home/posiflex/.ssh/authorized_keys; /home/postgres/.ssh/authorized_keys; /home/pp/.ssh/authorized_keys; /home/prashant/.ssh/authorized_keys; /home/precio01/.ssh/authorized_keys; /home/print/.ssh/authorized_keys; /home/pro/.ssh/authorized_keys; /home/project/.ssh/authorized_keys; /home/promo/.ssh/authorized_keys; /home/prova/.ssh/authorized_keys; /home/proxyuser/.ssh/authorized_keys; /home/prueba/.ssh/authorized_keys; /home/prueba5/.ssh/authorized_keys; /home/ps/.ssh/authorized_keys; /home/public/.ssh/authorized_keys; /home/pulsar/.ssh/authorized_keys; /home/purple/.ssh/authorized_keys; /home/pwserver/.ssh/authorized_keys; /home/pyramid/.ssh/authorized_keys; /home/pzserver/.ssh/authorized_keys; /home/qiyuesuo/.ssh/authorized_keys; /home/qwerty/.ssh/authorized_keys; /home/rachel/.ssh/authorized_keys; /home/radarr/.ssh/authorized_keys; /home/radio5/.ssh/authorized_keys; /home/rahul/.ssh/authorized_keys; /home/ravi/.ssh/authorized_keys; /home/ray/.ssh/authorized_keys; /home/rdp/.ssh/authorized_keys; /home/rdpuser/.ssh/authorized_keys; /home/reader/.ssh/authorized_keys; /home/readonlyuser/.ssh/authorized_keys; /home/redhat/.ssh/authorized_keys; /home/redis/.ssh/authorized_keys; /home/remoteuser/.ssh/authorized_keys; /home/reolink/.ssh/authorized_keys; /home/reza/.ssh/authorized_keys; /home/rico/.ssh/authorized_keys; /home/rms/.ssh/authorized_keys; /home/roberto/.ssh/authorized_keys; /home/robin/.ssh/authorized_keys; /home/rock/.ssh/authorized_keys; /home/rodrigo/.ssh/authorized_keys; /home/roland/.ssh/authorized_keys; /home/roman/.ssh/authorized_keys; /home/root1/.ssh/authorized_keys; /home/root2/.ssh/authorized_keys; /home/roots/.ssh/authorized_keys; /home/rootuser/.ssh/authorized_keys; /home/rose/.ssh/authorized_keys; /home/roy/.ssh/authorized_keys; /home/rramirez/.ssh/authorized_keys; /home/rstudio/.ssh/authorized_keys; /home/rsync/.ssh/authorized_keys; /home/rtest/.ssh/authorized_keys; /home/runner/.ssh/authorized_keys; /home/ryan/.ssh/authorized_keys; /home/sa/.ssh/authorized_keys; /home/saad/.ssh/authorized_keys; /home/saeed/.ssh/authorized_keys; /home/sakurai/.ssh/authorized_keys; /home/salman/.ssh/authorized_keys; /home/samba/.ssh/authorized_keys; /home/sambauser/.ssh/authorized_keys; /home/sameer/.ssh/authorized_keys; /home/sami/.ssh/authorized_keys; /home/sammy/.ssh/authorized_keys; /home/samp/.ssh/authorized_keys; /home/samuel/.ssh/authorized_keys; /home/sandbox/.ssh/authorized_keys; /home/sandro/.ssh/authorized_keys; /home/sansforensics/.ssh/authorized_keys; /home/sasha/.ssh/authorized_keys; /home/satisfactory/.ssh/authorized_keys; /home/sbbs/.ssh/authorized_keys; /home/scan/.ssh/authorized_keys; /home/scanner/.ssh/authorized_keys; /home/scraper/.ssh/authorized_keys; /home/sd/.ssh/authorized_keys; /home/sdtd/.ssh/authorized_keys; /home/search/.ssh/authorized_keys; /home/server/.ssh/authorized_keys; /home/servers/.ssh/authorized_keys; /home/seu-41/.ssh/authorized_keys; /home/sftp-user/.ssh/authorized_keys; /home/sftptest/.ssh/authorized_keys; /home/sftpuser/.ssh/authorized_keys; /home/sfx/.ssh/authorized_keys; /home/sg/.ssh/authorized_keys; /home/sgeadmin/.ssh/authorized_keys; /home/shadow/.ssh/authorized_keys; /home/shawn/.ssh/authorized_keys; /home/shiyi/.ssh/authorized_keys; /home/showroom/.ssh/authorized_keys; /home/shyam/.ssh/authorized_keys; /home/silva/.ssh/authorized_keys; /home/silvia/.ssh/authorized_keys; /home/sim/.ssh/authorized_keys; /home/simeon/.ssh/authorized_keys; /home/simon/.ssh/authorized_keys; /home/sit/.ssh/authorized_keys; /home/site/.ssh/authorized_keys; /home/sklep/.ssh/authorized_keys; /home/sky/.ssh/authorized_keys; /home/sm/.ssh/authorized_keys; /home/smb/.ssh/authorized_keys; /home/socks/.ssh/authorized_keys; /home/socksuser/.ssh/authorized_keys; /home/solr/.ssh/authorized_keys; /home/sonarqube/.ssh/authorized_keys; /home/soporte/.ssh/authorized_keys; /home/splunk/.ssh/authorized_keys; /home/sri/.ssh/authorized_keys; /home/srs/.ssh/authorized_keys; /home/srvadmin/.ssh/authorized_keys; /home/sshtunnel/.ssh/authorized_keys; /home/sshuser/.ssh/authorized_keys; /home/stan/.ssh/authorized_keys; /home/steam/.ssh/authorized_keys; /home/steamcmd/.ssh/authorized_keys; /home/steve/.ssh/authorized_keys; /home/story/.ssh/authorized_keys; /home/stream/.ssh/authorized_keys; /home/student/.ssh/authorized_keys; /home/student1/.ssh/authorized_keys; /home/student2/.ssh/authorized_keys; /home/student4/.ssh/authorized_keys; /home/student5/.ssh/authorized_keys; /home/su/.ssh/authorized_keys; /home/sumit/.ssh/authorized_keys; /home/super/.ssh/authorized_keys; /home/superman/.ssh/authorized_keys; /home/supermicro/.ssh/authorized_keys; /home/support/.ssh/authorized_keys; /home/svt/.ssh/authorized_keys; /home/sybase/.ssh/authorized_keys; /home/syh/.ssh/authorized_keys; /home/syj/.ssh/authorized_keys; /home/syncthing/.ssh/authorized_keys; /home/syncuser/.ssh/authorized_keys; /home/sysadm/.ssh/authorized_keys; /home/sysadmin/.ssh/authorized_keys; /home/t128/.ssh/authorized_keys; /home/t3rr0r/.ssh/authorized_keys; /home/talha/.ssh/authorized_keys; /home/tania/.ssh/authorized_keys; /home/team1/.ssh/authorized_keys; /home/teamcity/.ssh/authorized_keys; /home/teamspeak/.ssh/authorized_keys; /home/tecnico/.ssh/authorized_keys; /home/tele/.ssh/authorized_keys; /home/telegram/.ssh/authorized_keys; /home/term1/.ssh/authorized_keys; /home/terraria/.ssh/authorized_keys; /home/test/.ssh/authorized_keys; /home/test1/.ssh/authorized_keys; /home/test101/.ssh/authorized_keys; /home/test_user/.ssh/authorized_keys; /home/tester/.ssh/authorized_keys; /home/testing/.ssh/authorized_keys; /home/testmail/.ssh/authorized_keys; /home/testme/.ssh/authorized_keys; /home/testsftp/.ssh/authorized_keys; /home/thomas/.ssh/authorized_keys; /home/thor/.ssh/authorized_keys; /home/ti/.ssh/authorized_keys; /home/tiger/.ssh/authorized_keys; /home/timemachine/.ssh/authorized_keys; /home/tom/.ssh/authorized_keys; /home/toni/.ssh/authorized_keys; /home/toor/.ssh/authorized_keys; /home/topgui/.ssh/authorized_keys; /home/tor/.ssh/authorized_keys; /home/toro/.ssh/authorized_keys; /home/toto/.ssh/authorized_keys; /home/traccar/.ssh/authorized_keys; /home/trading/.ssh/authorized_keys; /home/transfer/.ssh/authorized_keys; /home/trooper/.ssh/authorized_keys; /home/ts1/.ssh/authorized_keys; /home/ts2/.ssh/authorized_keys; /home/ts3/.ssh/authorized_keys; /home/ts3bot/.ssh/authorized_keys; /home/tst/.ssh/authorized_keys; /home/ttt/.ssh/authorized_keys; /home/ttx/.ssh/authorized_keys; /home/tunnel/.ssh/authorized_keys; /home/tv/.ssh/authorized_keys; /home/tys/.ssh/authorized_keys; /home/u1/.ssh/authorized_keys; /home/ubadmin/.ssh/authorized_keys; /home/ubuntu/.ssh/authorized_keys; /home/ubuntuuser/.ssh/authorized_keys; /home/umar/.ssh/authorized_keys; /home/unity/.ssh/authorized_keys; /home/uno85/.ssh/authorized_keys; /home/upload/.ssh/authorized_keys; /home/user/.ssh/authorized_keys; /home/user002/.ssh/authorized_keys; /home/user01/.ssh/authorized_keys; /home/user02/.ssh/authorized_keys; /home/user05/.ssh/authorized_keys; /home/user1/.ssh/authorized_keys; /home/user10/.ssh/authorized_keys; /home/user123/.ssh/authorized_keys; /home/user2/.ssh/authorized_keys; /home/user3/.ssh/authorized_keys; /home/user8/.ssh/authorized_keys; /home/userb/.ssh/authorized_keys; /home/userdeploy/.ssh/authorized_keys; /home/userftp/.ssh/authorized_keys; /home/userroot/.ssh/authorized_keys; /home/usuario/.ssh/authorized_keys; /home/usuario1/.ssh/authorized_keys; /home/usuario2/.ssh/authorized_keys; /home/usuarioftp/.ssh/authorized_keys; /home/valheim/.ssh/authorized_keys; /home/vamsi/.ssh/authorized_keys; /home/vbox/.ssh/authorized_keys; /home/vbox0/.ssh/authorized_keys; /home/vendas/.ssh/authorized_keys; /home/verdaccio/.ssh/authorized_keys; /home/vhpadmin/.ssh/authorized_keys; /home/vicente/.ssh/authorized_keys; /home/viewer/.ssh/authorized_keys; /home/viewtinet/.ssh/authorized_keys; /home/vincent/.ssh/authorized_keys; /home/vintagestory/.ssh/authorized_keys; /home/vip1/.ssh/authorized_keys; /home/viper/.ssh/authorized_keys; /home/vlad/.ssh/authorized_keys; /home/vm/.ssh/authorized_keys; /home/vmail/.ssh/authorized_keys; /home/vncuser/.ssh/authorized_keys; /home/vpn/.ssh/authorized_keys; /home/vpnadmin/.ssh/authorized_keys; /home/vpnbot/.ssh/authorized_keys; /home/vpnuser/.ssh/authorized_keys; /home/vps/.ssh/authorized_keys; /home/vpsuser/.ssh/authorized_keys; /home/vyos/.ssh/authorized_keys; /home/wade/.ssh/authorized_keys; /home/water/.ssh/authorized_keys; /home/web/.ssh/authorized_keys; /home/web_admin/.ssh/authorized_keys; /home/webadm/.ssh/authorized_keys; /home/webadmin/.ssh/authorized_keys; /home/webapp/.ssh/authorized_keys; /home/webftp/.ssh/authorized_keys; /home/webuser/.ssh/authorized_keys; /home/wei/.ssh/authorized_keys; /home/wes/.ssh/authorized_keys; /home/wg/.ssh/authorized_keys; /home/wialon/.ssh/authorized_keys; /home/wiktor/.ssh/authorized_keys; /home/wilson/.ssh/authorized_keys; /home/wireguard/.ssh/authorized_keys; /home/wm/.ssh/authorized_keys; /home/won/.ssh/authorized_keys; /home/wordpress/.ssh/authorized_keys; /home/work/.ssh/authorized_keys; /home/worker/.ssh/authorized_keys; /home/wpuser/.ssh/authorized_keys; /home/wso2/.ssh/authorized_keys; /home/ww/.ssh/authorized_keys; /home/wyy/.ssh/authorized_keys; /home/xbmc/.ssh/authorized_keys; /home/xiaoming/.ssh/authorized_keys; /home/xray/.ssh/authorized_keys; /home/yan/.ssh/authorized_keys; /home/yann/.ssh/authorized_keys; /home/yasin/.ssh/authorized_keys; /home/yocto/.ssh/authorized_keys; /home/yuhan/.ssh/authorized_keys; /home/yy/.ssh/authorized_keys; /home/yzh/.ssh/authorized_keys; /home/zabbix/.ssh/authorized_keys; /home/zhanghang/.ssh/authorized_keys; /home/zhangjh/.ssh/authorized_keys; /home/zhangsan/.ssh/authorized_keys; /home/zhao/.ssh/authorized_keys; /home/zhj/.ssh/authorized_keys; /home/zhuge/.ssh/authorized_keys; /home/zjsf/.ssh/authorized_keys; /home/zomboid/.ssh/authorized_keys; /home/zw/.ssh/authorized_keys; /home/zxy/.ssh/authorized_keys; /home/zy/.ssh/authorized_keys; /home/zz/.ssh/authorized_keys; /home/zzy/.ssh/authorized_keys; /root/.ssh/authorized_keys; /var/lib/libuuid/.ssh/authorized_keys,2026-03-05 18:50:40,2026-03-22 00:28:05
1b20a210fe96e5a8abc347dfb91d7befecb4b5f9b7ed40d856410fac15952057,2780,587,,/dev/null,2026-02-21 01:17:04,2026-03-21 22:43:23
01ba4719c80b6fe911b091a7c05124b64eeece964e09c058ef8f9805daca546b,175,143,,/etc/hosts.deny,2026-03-06 05:05:32,2026-03-21 18:51:30
a5c41ad2a873e7904cb35754bf57108df0b72d5939ba9d9b0a8250affda6285d,19,5,,/tmp/monaco,2026-02-25 18:57:32,2026-03-04 18:46:54
bc54a596462c45edccac86fc9b77c5dbfaba914c86d5e35cabf4445ded3bb266,15,10,,/dev/null,2026-02-22 13:25:06,2026-03-12 10:16:45
dccfd62d350184fc137b18acbdd56fceee07f2c7b7f89eb1071e7c4eb0f01bcd,8,2,http://103.56.149.224/cacti/oto,,2026-03-06 12:02:16,2026-03-21 09:59:15
817fb161a8199e1cc57206461aca31154b2a69890ea7cef73ed7410c95671a87,7,1,http://172.94.9.106:8080/l.x86_64,,2026-02-27 13:06:10,2026-02-27 14:54:48
32b44db3980a94e1be989a4c5605cb2b3ed2db6cfa208943c70ae2a82d983291,4,2,http://103.56.149.224/cacti/ns1.jpg,,2026-03-06 12:02:16,2026-03-21 09:59:14
9701ae7249aa394624bf33096e3f5dd2be0bb778debba3364f5277a50874cc31,4,2,http://103.56.149.224/cacti/ns3.jpg,,2026-03-06 12:02:16,2026-03-21 09:59:15
7ad5d373cc8ec9420f56476aa2d48ad45d67287db6cf6253c6ee868443279489,3,1,http://172.94.9.106:8080/l.x86_64,,2026-02-27 12:21:11,2026-02-27 12:21:12
46de421734f272934e7f6b69db826d4f74db727e89d15a7884420bb625b6679f,2,1,http://185.91.127.182/1.sh,,2026-02-24 22:18:40,2026-02-24 22:18:40
5221ec6e6edebc1a14023576bac25d830066695340c056405d9f0c172c5fa6b7,2,1,http://185.91.127.182/l.sh,,2026-02-24 22:27:56,2026-02-24 22:33:25
ad955f2fc192c74bbab93a06edd77a4691fe3cd95d255f94664f5ac87674c283,2,2,,/dev/null,2026-02-25 16:23:42,2026-02-27 19:34:26
8a2fb1b1ee281817a2fd2d8e510db83a9ab2ed29e27ba248008ce1e165fc7479,2,1,,/dev/null,2026-02-27 14:54:47,2026-02-27 14:54:47
1d45712bba2b79753dd55a98e55db0978e327ac01e27a99341ad9b2c264c4448,2,1,,/dev/null,2026-02-27 14:54:47,2026-02-27 14:54:47
8b3c537c5954161d21f26bbe3c3723f67b7e922692c91d870b3b9ca16dce74d2,2,1,,/dev/null,2026-02-27 14:54:47,2026-02-27 14:54:47
efa54ea92b19f480b25a0c87c11324a0c8c3121a1d97ca411118e8383c60f8ab,2,1,,/dev/null,2026-02-27 14:54:48,2026-02-27 14:54:48
6b23334daf6181235f574ac71257918a1cb46295dfbb0a130babda29f3fdb08a,1,1,ftp://anonymous:anonymous@185.91.127.182/2.sh,2.sh,2026-02-24 22:18:41,2026-02-24 22:18:41
0c889251c703623c3397893515aae9624f45c609fcf5881ace4b2e0a1857a88f,1,1,,,2026-02-26 12:33:13,2026-02-26 12:33:13
47104de870ccfd602e40790f65569708d3f2256317e0cffe9ea4d86ac58281c5,1,1,,/dev/null,2026-02-27 01:46:04,2026-02-27 01:46:04
47c2e12d095d77a8d7b471efa568af06a4ef90de34d700fd13b26aa768a8fe88,1,1,,/dev/null,2026-02-27 12:21:13,2026-02-27 12:21:13
2a229b637f23b1f389d5bb15927bcf32a883d680c4d5fa490ddff279e674b8a6,1,1,http://130.12.180.124/8x6h0a.sh,,2026-02-28 09:14:13,2026-02-28 09:14:13
4355a46b19d348dc2f57c046f8ef63d4538ebb936000f3c9ee954a27460dd865,1,1,,/dev/null,2026-03-03 06:25:48,2026-03-03 06:25:48
78fd5eb896dfb151a3975bfdfdd7a6e924d52aab8756ee959b8102c2d1cca53f,1,1,http://176.65.139.34/xd/Space.mips,,2026-03-19 08:27:38,2026-03-19 08:27:38
f74113ff44e07f9b366e89c2938a6db6f0a2f4b9c422de161f2f4bbff59ccd18,1,1,,/home/tcp,2026-03-20 08:27:19,2026-03-20 08:27:19
b1b8308d882329d9d10fed76e51cbdcba10a899abeeda81cda4764f61a4804d1,1,1,,,2026-03-20 18:25:03,2026-03-20 18:25:03
